!!!!!!!!!! EEG on LSTM !!!!!!!!!!
In RawEEG: shape=(4800, 3, 210)
###################### Fold 1 ######################
Use CUDA
log location: logs
Optimizer configuration:
AdamW (
Parameter Group 0
    amsgrad: False
    betas: (0.9, 0.999)
    capturable: False
    differentiable: False
    eps: 1e-08
    foreach: None
    fused: None
    lr: 0.0001
    maximize: False
    weight_decay: 0.0001
)
Trainer Initialization Finished.
Epoch 1
Train loss: 0.7240281701087952, train accuracy: 0.5
Validating:
Validate loss: 0.7142671942710876, validate accuracy: 0.49, ensemble accuracy: 0.4, F1: 0.4.
Epoch 2
Train loss: 0.690826416015625, train accuracy: 0.546875
Validating:
Validate loss: 0.6970059275627136, validate accuracy: 0.522, ensemble accuracy: 0.8, F1: 0.6666666666666666.
Epoch 3
Train loss: 0.6997821927070618, train accuracy: 0.5
Validating:
Validate loss: 0.6982467770576477, validate accuracy: 0.534, ensemble accuracy: 0.6, F1: 0.0.
Epoch 4
Train loss: 0.684673011302948, train accuracy: 0.5703125
Validating:
Validate loss: 0.700019121170044, validate accuracy: 0.54, ensemble accuracy: 0.6, F1: 0.0.
Epoch 5
Train loss: 0.6950364112854004, train accuracy: 0.53125
Validating:
Validate loss: 0.7024246454238892, validate accuracy: 0.546, ensemble accuracy: 0.6, F1: 0.0.
Epoch 6
Train loss: 0.6826158761978149, train accuracy: 0.5703125
Validating:
Validate loss: 0.702930748462677, validate accuracy: 0.54, ensemble accuracy: 0.6, F1: 0.0.
Epoch 7
Train loss: 0.6792577505111694, train accuracy: 0.5625
Validating:
Validate loss: 0.7027996182441711, validate accuracy: 0.55, ensemble accuracy: 0.6, F1: 0.0.
Epoch 8
Train loss: 0.6713758707046509, train accuracy: 0.640625
Validating:
Validate loss: 0.7039567828178406, validate accuracy: 0.544, ensemble accuracy: 0.6, F1: 0.0.
Epoch 9
Train loss: 0.6609837412834167, train accuracy: 0.6171875
Validating:
Validate loss: 0.7044702172279358, validate accuracy: 0.54, ensemble accuracy: 0.6, F1: 0.0.
Epoch 10
Train loss: 0.6910473704338074, train accuracy: 0.5
Validating:
Validate loss: 0.70671546459198, validate accuracy: 0.538, ensemble accuracy: 0.6, F1: 0.0.
Epoch 11
Train loss: 0.6847417950630188, train accuracy: 0.5546875
Validating:
Validate loss: 0.7066696286201477, validate accuracy: 0.542, ensemble accuracy: 0.6, F1: 0.0.
Epoch 12
Train loss: 0.6842390894889832, train accuracy: 0.6015625
Validating:
Validate loss: 0.7071470618247986, validate accuracy: 0.548, ensemble accuracy: 0.6, F1: 0.0.
Epoch 13
Train loss: 0.6487441658973694, train accuracy: 0.625
Validating:
Validate loss: 0.7064945697784424, validate accuracy: 0.534, ensemble accuracy: 0.4, F1: 0.0.
Epoch 14
Train loss: 0.6739011406898499, train accuracy: 0.5859375
Validating:
Validate loss: 0.7076957821846008, validate accuracy: 0.542, ensemble accuracy: 0.6, F1: 0.0.
Epoch 15
Train loss: 0.6564462184906006, train accuracy: 0.625
Validating:
Validate loss: 0.7069491147994995, validate accuracy: 0.54, ensemble accuracy: 0.4, F1: 0.0.
Epoch 16
Train loss: 0.6438204646110535, train accuracy: 0.6015625
Validating:
Validate loss: 0.7091584205627441, validate accuracy: 0.552, ensemble accuracy: 0.6, F1: 0.0.
Epoch 17
Train loss: 0.6948078870773315, train accuracy: 0.5625
Validating:
Validate loss: 0.7088600397109985, validate accuracy: 0.552, ensemble accuracy: 0.6, F1: 0.0.
Epoch 18
Train loss: 0.662701427936554, train accuracy: 0.6015625
Validating:
Validate loss: 0.7090317010879517, validate accuracy: 0.552, ensemble accuracy: 0.6, F1: 0.0.
Epoch 19
Train loss: 0.647127091884613, train accuracy: 0.640625
Validating:
Validate loss: 0.7090322375297546, validate accuracy: 0.548, ensemble accuracy: 0.6, F1: 0.0.
Epoch 20
Train loss: 0.6795601844787598, train accuracy: 0.5390625
Validating:
Validate loss: 0.7100645303726196, validate accuracy: 0.55, ensemble accuracy: 0.6, F1: 0.0.
Training Finished.
############ Fold 1 Network accuracy: 0.6
In RawEEG: shape=(4800, 3, 210)
###################### Fold 2 ######################
Use CUDA
log location: logs
Optimizer configuration:
AdamW (
Parameter Group 0
    amsgrad: False
    betas: (0.9, 0.999)
    capturable: False
    differentiable: False
    eps: 1e-08
    foreach: None
    fused: None
    lr: 0.0001
    maximize: False
    weight_decay: 0.0001
)
Trainer Initialization Finished.
Epoch 1
Train loss: 0.7112725973129272, train accuracy: 0.5390625
Validating:
Validate loss: 0.7302214503288269, validate accuracy: 0.482, ensemble accuracy: 0.2, F1: 0.0.
Epoch 2
Train loss: 0.7128546237945557, train accuracy: 0.5078125
Validating:
Validate loss: 0.7259147763252258, validate accuracy: 0.442, ensemble accuracy: 0.4, F1: 0.4.
Epoch 3
Train loss: 0.6790943145751953, train accuracy: 0.6015625
Validating:
Validate loss: 0.7191447615623474, validate accuracy: 0.46, ensemble accuracy: 0.4, F1: 0.4.
Epoch 4
Train loss: 0.6976011991500854, train accuracy: 0.53125
Validating:
Validate loss: 0.7177383303642273, validate accuracy: 0.476, ensemble accuracy: 0.4, F1: 0.4.
Epoch 5
Train loss: 0.6897860765457153, train accuracy: 0.5390625
Validating:
Validate loss: 0.7107871174812317, validate accuracy: 0.51, ensemble accuracy: 0.4, F1: 0.4.
Epoch 6
Train loss: 0.694067656993866, train accuracy: 0.5546875
Validating:
Validate loss: 0.710770308971405, validate accuracy: 0.494, ensemble accuracy: 0.4, F1: 0.4.
Epoch 7
Train loss: 0.6961429119110107, train accuracy: 0.4765625
Validating:
Validate loss: 0.7090156078338623, validate accuracy: 0.512, ensemble accuracy: 0.2, F1: 0.0.
Epoch 8
Train loss: 0.6891947984695435, train accuracy: 0.546875
Validating:
Validate loss: 0.7090297341346741, validate accuracy: 0.502, ensemble accuracy: 0.2, F1: 0.0.
Epoch 9
Train loss: 0.680905282497406, train accuracy: 0.5390625
Validating:
Validate loss: 0.7048503756523132, validate accuracy: 0.524, ensemble accuracy: 0.4, F1: 0.4.
Epoch 10
Train loss: 0.6907884478569031, train accuracy: 0.609375
Validating:
Validate loss: 0.7066331505775452, validate accuracy: 0.516, ensemble accuracy: 0.2, F1: 0.0.
Epoch 11
Train loss: 0.6392884850502014, train accuracy: 0.6171875
Validating:
Validate loss: 0.7031708359718323, validate accuracy: 0.522, ensemble accuracy: 0.4, F1: 0.4.
Epoch 12
Train loss: 0.6905199885368347, train accuracy: 0.5859375
Validating:
Validate loss: 0.701485812664032, validate accuracy: 0.522, ensemble accuracy: 0.4, F1: 0.4.
Epoch 13
Train loss: 0.6655897498130798, train accuracy: 0.59375
Validating:
Validate loss: 0.7029216885566711, validate accuracy: 0.508, ensemble accuracy: 0.4, F1: 0.4.
Epoch 14
Train loss: 0.6654717326164246, train accuracy: 0.578125
Validating:
Validate loss: 0.7013918161392212, validate accuracy: 0.508, ensemble accuracy: 0.4, F1: 0.4.
Epoch 15
Train loss: 0.6797091364860535, train accuracy: 0.578125
Validating:
Validate loss: 0.7021341323852539, validate accuracy: 0.518, ensemble accuracy: 0.4, F1: 0.4.
Epoch 16
Train loss: 0.681674599647522, train accuracy: 0.6015625
Validating:
Validate loss: 0.7020027041435242, validate accuracy: 0.52, ensemble accuracy: 0.6, F1: 0.5.
Epoch 17
Train loss: 0.6918455958366394, train accuracy: 0.5859375
Validating:
Validate loss: 0.7013909220695496, validate accuracy: 0.522, ensemble accuracy: 0.6, F1: 0.5.
Epoch 18
Train loss: 0.7016852498054504, train accuracy: 0.5625
Validating:
Validate loss: 0.7008017301559448, validate accuracy: 0.52, ensemble accuracy: 0.6, F1: 0.5.
Epoch 19
Train loss: 0.6859303116798401, train accuracy: 0.5390625
Validating:
Validate loss: 0.7027344107627869, validate accuracy: 0.518, ensemble accuracy: 0.6, F1: 0.5.
Epoch 20
Train loss: 0.6574168801307678, train accuracy: 0.6171875
Validating:
Validate loss: 0.7003522515296936, validate accuracy: 0.528, ensemble accuracy: 0.6, F1: 0.5.
Training Finished.
############ Fold 2 Network accuracy: 0.6
In RawEEG: shape=(4800, 3, 210)
###################### Fold 3 ######################
Use CUDA
log location: logs
Optimizer configuration:
AdamW (
Parameter Group 0
    amsgrad: False
    betas: (0.9, 0.999)
    capturable: False
    differentiable: False
    eps: 1e-08
    foreach: None
    fused: None
    lr: 0.0001
    maximize: False
    weight_decay: 0.0001
)
Trainer Initialization Finished.
Epoch 1
Train loss: 0.6865478157997131, train accuracy: 0.5859375
Validating:
Validate loss: 0.7449648976325989, validate accuracy: 0.516, ensemble accuracy: 0.4, F1: 0.0.
Epoch 2
Train loss: 0.6687624454498291, train accuracy: 0.625
Validating:
Validate loss: 0.7280846238136292, validate accuracy: 0.48, ensemble accuracy: 0.4, F1: 0.0.
Epoch 3
Train loss: 0.6916383504867554, train accuracy: 0.5703125
Validating:
Validate loss: 0.7288885116577148, validate accuracy: 0.47, ensemble accuracy: 0.6, F1: 0.5.
Epoch 4
Train loss: 0.6698413491249084, train accuracy: 0.6328125
Validating:
Validate loss: 0.7303668856620789, validate accuracy: 0.476, ensemble accuracy: 0.4, F1: 0.4.
Epoch 5
Train loss: 0.672950804233551, train accuracy: 0.6015625
Validating:
Validate loss: 0.7328537702560425, validate accuracy: 0.472, ensemble accuracy: 0.4, F1: 0.4.
Epoch 6
Train loss: 0.6710615754127502, train accuracy: 0.578125
Validating:
Validate loss: 0.7355313897132874, validate accuracy: 0.462, ensemble accuracy: 0.4, F1: 0.4.
Epoch 7
Train loss: 0.6621795892715454, train accuracy: 0.640625
Validating:
Validate loss: 0.7359552383422852, validate accuracy: 0.454, ensemble accuracy: 0.4, F1: 0.5714285714285714.
Epoch 8
Train loss: 0.6660196185112, train accuracy: 0.625
Validating:
Validate loss: 0.7407292127609253, validate accuracy: 0.438, ensemble accuracy: 0.4, F1: 0.4.
Epoch 9
Train loss: 0.670156717300415, train accuracy: 0.59375
Validating:
Validate loss: 0.7430802583694458, validate accuracy: 0.43, ensemble accuracy: 0.2, F1: 0.3333333333333333.
Epoch 10
Train loss: 0.6793076395988464, train accuracy: 0.5078125
Validating:
Validate loss: 0.7430208921432495, validate accuracy: 0.432, ensemble accuracy: 0.4, F1: 0.5714285714285714.
Epoch 11
Train loss: 0.6709171533584595, train accuracy: 0.5859375
Validating:
Validate loss: 0.7472373843193054, validate accuracy: 0.436, ensemble accuracy: 0.4, F1: 0.5714285714285714.
Epoch 12
Train loss: 0.6644511818885803, train accuracy: 0.6484375
Validating:
Validate loss: 0.7467907071113586, validate accuracy: 0.438, ensemble accuracy: 0.4, F1: 0.5714285714285714.
Epoch 13
Train loss: 0.6429548263549805, train accuracy: 0.6796875
Validating:
Validate loss: 0.7466191053390503, validate accuracy: 0.442, ensemble accuracy: 0.4, F1: 0.5714285714285714.
Epoch 14
Train loss: 0.6870383620262146, train accuracy: 0.6171875
Validating:
Validate loss: 0.7477213740348816, validate accuracy: 0.446, ensemble accuracy: 0.4, F1: 0.5714285714285714.
Epoch 15
Train loss: 0.6641219854354858, train accuracy: 0.625
Validating:
Validate loss: 0.7496526837348938, validate accuracy: 0.438, ensemble accuracy: 0.4, F1: 0.5714285714285714.
Epoch 16
Train loss: 0.6788103580474854, train accuracy: 0.5546875
Validating:
Validate loss: 0.7483419179916382, validate accuracy: 0.456, ensemble accuracy: 0.4, F1: 0.5714285714285714.
Epoch 17
Train loss: 0.6838112473487854, train accuracy: 0.5234375
Validating:
Validate loss: 0.7469260692596436, validate accuracy: 0.464, ensemble accuracy: 0.4, F1: 0.5714285714285714.
Epoch 18
Train loss: 0.6366645097732544, train accuracy: 0.671875
Validating:
Validate loss: 0.7498474717140198, validate accuracy: 0.464, ensemble accuracy: 0.4, F1: 0.5714285714285714.
Epoch 19
Train loss: 0.7019827961921692, train accuracy: 0.5390625
Validating:
Validate loss: 0.7512320876121521, validate accuracy: 0.456, ensemble accuracy: 0.4, F1: 0.5714285714285714.
Epoch 20
Train loss: 0.6518814563751221, train accuracy: 0.6171875
Validating:
Validate loss: 0.7506434917449951, validate accuracy: 0.462, ensemble accuracy: 0.4, F1: 0.5714285714285714.
Training Finished.
############ Fold 3 Network accuracy: 0.4
In RawEEG: shape=(4800, 3, 210)
###################### Fold 4 ######################
Use CUDA
log location: logs
Optimizer configuration:
AdamW (
Parameter Group 0
    amsgrad: False
    betas: (0.9, 0.999)
    capturable: False
    differentiable: False
    eps: 1e-08
    foreach: None
    fused: None
    lr: 0.0001
    maximize: False
    weight_decay: 0.0001
)
Trainer Initialization Finished.
Epoch 1
Train loss: 0.6842647790908813, train accuracy: 0.5625
Validating:
Validate loss: 0.7598052024841309, validate accuracy: 0.418, ensemble accuracy: 0.0, F1: 0.0.
Epoch 2
Train loss: 0.6846683025360107, train accuracy: 0.578125
Validating:
Validate loss: 0.7645687460899353, validate accuracy: 0.438, ensemble accuracy: 0.2, F1: 0.0.
Epoch 3
Train loss: 0.7220374345779419, train accuracy: 0.46875
Validating:
Validate loss: 0.7639043927192688, validate accuracy: 0.468, ensemble accuracy: 0.2, F1: 0.0.
Epoch 4
Train loss: 0.6887121200561523, train accuracy: 0.5703125
Validating:
Validate loss: 0.7589666843414307, validate accuracy: 0.47, ensemble accuracy: 0.2, F1: 0.0.
Epoch 5
Train loss: 0.6740766763687134, train accuracy: 0.5625
Validating:
Validate loss: 0.759552538394928, validate accuracy: 0.474, ensemble accuracy: 0.2, F1: 0.0.
Epoch 6
Train loss: 0.6773442625999451, train accuracy: 0.5234375
Validating:
Validate loss: 0.7559377551078796, validate accuracy: 0.482, ensemble accuracy: 0.2, F1: 0.0.
Epoch 7
Train loss: 0.6405539512634277, train accuracy: 0.609375
Validating:
Validate loss: 0.7532743811607361, validate accuracy: 0.484, ensemble accuracy: 0.2, F1: 0.0.
Epoch 8
Train loss: 0.6812441349029541, train accuracy: 0.5546875
Validating:
Validate loss: 0.7546514272689819, validate accuracy: 0.476, ensemble accuracy: 0.2, F1: 0.0.
Epoch 9
Train loss: 0.6690495014190674, train accuracy: 0.546875
Validating:
Validate loss: 0.7495764493942261, validate accuracy: 0.498, ensemble accuracy: 0.4, F1: 0.0.
Epoch 10
Train loss: 0.6640297770500183, train accuracy: 0.546875
Validating:
Validate loss: 0.7517328262329102, validate accuracy: 0.484, ensemble accuracy: 0.4, F1: 0.0.
Epoch 11
Train loss: 0.6751719117164612, train accuracy: 0.5859375
Validating:
Validate loss: 0.7500630617141724, validate accuracy: 0.484, ensemble accuracy: 0.4, F1: 0.0.
Epoch 12
Train loss: 0.6935907602310181, train accuracy: 0.546875
Validating:
Validate loss: 0.7552236318588257, validate accuracy: 0.472, ensemble accuracy: 0.4, F1: 0.0.
Epoch 13
Train loss: 0.6621473431587219, train accuracy: 0.625
Validating:
Validate loss: 0.7502564191818237, validate accuracy: 0.488, ensemble accuracy: 0.4, F1: 0.0.
Epoch 14
Train loss: 0.6711157560348511, train accuracy: 0.578125
Validating:
Validate loss: 0.7476584315299988, validate accuracy: 0.484, ensemble accuracy: 0.4, F1: 0.0.
Epoch 15
Train loss: 0.6540094017982483, train accuracy: 0.640625
Validating:
Validate loss: 0.7467564940452576, validate accuracy: 0.5, ensemble accuracy: 0.4, F1: 0.0.
Epoch 16
Train loss: 0.6485151648521423, train accuracy: 0.6328125
Validating:
Validate loss: 0.7462795972824097, validate accuracy: 0.498, ensemble accuracy: 0.4, F1: 0.0.
Epoch 17
Train loss: 0.6718961000442505, train accuracy: 0.578125
Validating:
Validate loss: 0.7439078688621521, validate accuracy: 0.498, ensemble accuracy: 0.4, F1: 0.0.
Epoch 18
Train loss: 0.6518610119819641, train accuracy: 0.6015625
Validating:
Validate loss: 0.7484275102615356, validate accuracy: 0.486, ensemble accuracy: 0.4, F1: 0.0.
Epoch 19
Train loss: 0.6568883657455444, train accuracy: 0.625
Validating:
Validate loss: 0.7433702349662781, validate accuracy: 0.49, ensemble accuracy: 0.4, F1: 0.0.
Epoch 20
Train loss: 0.6728388071060181, train accuracy: 0.5859375
Validating:
Validate loss: 0.7454416155815125, validate accuracy: 0.49, ensemble accuracy: 0.4, F1: 0.0.
Training Finished.
############ Fold 4 Network accuracy: 0.4
In RawEEG: shape=(4800, 3, 210)
###################### Fold 5 ######################
Use CUDA
log location: logs
Optimizer configuration:
AdamW (
Parameter Group 0
    amsgrad: False
    betas: (0.9, 0.999)
    capturable: False
    differentiable: False
    eps: 1e-08
    foreach: None
    fused: None
    lr: 0.0001
    maximize: False
    weight_decay: 0.0001
)
Trainer Initialization Finished.
Epoch 1
Train loss: 0.6907318234443665, train accuracy: 0.4921875
Validating:
Validate loss: 0.6802045106887817, validate accuracy: 0.558, ensemble accuracy: 0.8, F1: 0.8571428571428571.
Epoch 2
Train loss: 0.689990222454071, train accuracy: 0.4921875
Validating:
Validate loss: 0.6834873557090759, validate accuracy: 0.568, ensemble accuracy: 0.8, F1: 0.8571428571428571.
Epoch 3
Train loss: 0.6675328612327576, train accuracy: 0.6171875
Validating:
Validate loss: 0.6833376288414001, validate accuracy: 0.566, ensemble accuracy: 0.6, F1: 0.6666666666666666.
Epoch 4
Train loss: 0.6688804030418396, train accuracy: 0.609375
Validating:
Validate loss: 0.6816705465316772, validate accuracy: 0.572, ensemble accuracy: 0.6, F1: 0.6666666666666666.
Epoch 5
Train loss: 0.6738759875297546, train accuracy: 0.6171875
Validating:
Validate loss: 0.6865540146827698, validate accuracy: 0.566, ensemble accuracy: 0.6, F1: 0.6666666666666666.
Epoch 6
Train loss: 0.6719543933868408, train accuracy: 0.6171875
Validating:
Validate loss: 0.6835132837295532, validate accuracy: 0.568, ensemble accuracy: 0.6, F1: 0.6666666666666666.
Epoch 7
Train loss: 0.6821926832199097, train accuracy: 0.6171875
Validating:
Validate loss: 0.6838522553443909, validate accuracy: 0.564, ensemble accuracy: 0.6, F1: 0.6666666666666666.
Epoch 8
Train loss: 0.6915590167045593, train accuracy: 0.546875
Validating:
Validate loss: 0.6850969791412354, validate accuracy: 0.568, ensemble accuracy: 0.6, F1: 0.6666666666666666.
Epoch 9
Train loss: 0.6868677735328674, train accuracy: 0.6171875
Validating:
Validate loss: 0.6842228174209595, validate accuracy: 0.572, ensemble accuracy: 0.6, F1: 0.6666666666666666.
Epoch 10
Train loss: 0.6576712131500244, train accuracy: 0.625
Validating:
Validate loss: 0.6843118667602539, validate accuracy: 0.574, ensemble accuracy: 0.6, F1: 0.6666666666666666.
Epoch 11
Train loss: 0.6767141222953796, train accuracy: 0.6171875
Validating:
Validate loss: 0.6862884759902954, validate accuracy: 0.57, ensemble accuracy: 0.6, F1: 0.6666666666666666.
Epoch 12
Train loss: 0.6754103899002075, train accuracy: 0.546875
Validating:
Validate loss: 0.6864255666732788, validate accuracy: 0.564, ensemble accuracy: 0.6, F1: 0.6666666666666666.
Epoch 13
Train loss: 0.6812210083007812, train accuracy: 0.5859375
Validating:
Validate loss: 0.6854999661445618, validate accuracy: 0.578, ensemble accuracy: 0.6, F1: 0.6666666666666666.
Epoch 14
Train loss: 0.6839478611946106, train accuracy: 0.5390625
Validating:
Validate loss: 0.686298131942749, validate accuracy: 0.574, ensemble accuracy: 0.6, F1: 0.6666666666666666.
Epoch 15
Train loss: 0.6553775072097778, train accuracy: 0.6328125
Validating:
Validate loss: 0.6875399351119995, validate accuracy: 0.58, ensemble accuracy: 0.6, F1: 0.6666666666666666.
Epoch 16
Train loss: 0.6651028394699097, train accuracy: 0.6484375
Validating:
Validate loss: 0.6890978217124939, validate accuracy: 0.572, ensemble accuracy: 0.6, F1: 0.6666666666666666.
Epoch 17
Train loss: 0.6471317410469055, train accuracy: 0.6328125
Validating:
Validate loss: 0.6890804767608643, validate accuracy: 0.582, ensemble accuracy: 0.6, F1: 0.6666666666666666.
Epoch 18
Train loss: 0.6514179110527039, train accuracy: 0.6484375
Validating:
Validate loss: 0.6913437843322754, validate accuracy: 0.564, ensemble accuracy: 0.6, F1: 0.6666666666666666.
Epoch 19
Train loss: 0.6454130411148071, train accuracy: 0.6015625
Validating:
Validate loss: 0.6884874701499939, validate accuracy: 0.57, ensemble accuracy: 0.6, F1: 0.6666666666666666.
Epoch 20
Train loss: 0.6950295567512512, train accuracy: 0.5390625
Validating:
Validate loss: 0.6917791962623596, validate accuracy: 0.558, ensemble accuracy: 0.6, F1: 0.6666666666666666.
Training Finished.
############ Fold 5 Network accuracy: 0.6
In RawEEG: shape=(4800, 3, 210)
###################### Fold 6 ######################
Use CUDA
log location: logs
Optimizer configuration:
AdamW (
Parameter Group 0
    amsgrad: False
    betas: (0.9, 0.999)
    capturable: False
    differentiable: False
    eps: 1e-08
    foreach: None
    fused: None
    lr: 0.0001
    maximize: False
    weight_decay: 0.0001
)
Trainer Initialization Finished.
Epoch 1
Train loss: 0.6935302019119263, train accuracy: 0.6328125
Validating:
Validate loss: 0.7085995674133301, validate accuracy: 0.524, ensemble accuracy: 0.4, F1: 0.0.
Epoch 2
Train loss: 0.695257842540741, train accuracy: 0.6171875
Validating:
Validate loss: 0.6990081667900085, validate accuracy: 0.56, ensemble accuracy: 0.4, F1: 0.0.
Epoch 3
Train loss: 0.7032910585403442, train accuracy: 0.5703125
Validating:
Validate loss: 0.694566011428833, validate accuracy: 0.566, ensemble accuracy: 0.6, F1: 0.0.
Epoch 4
Train loss: 0.6901384592056274, train accuracy: 0.5546875
Validating:
Validate loss: 0.6918860077857971, validate accuracy: 0.564, ensemble accuracy: 0.6, F1: 0.0.
Epoch 5
Train loss: 0.6833115220069885, train accuracy: 0.578125
Validating:
Validate loss: 0.6911188960075378, validate accuracy: 0.55, ensemble accuracy: 0.6, F1: 0.0.
Epoch 6
Train loss: 0.693867027759552, train accuracy: 0.5625
Validating:
Validate loss: 0.6900871992111206, validate accuracy: 0.548, ensemble accuracy: 0.6, F1: 0.0.
Epoch 7
Train loss: 0.6977089047431946, train accuracy: 0.546875
Validating:
Validate loss: 0.6906198263168335, validate accuracy: 0.556, ensemble accuracy: 0.8, F1: 0.6666666666666666.
Epoch 8
Train loss: 0.6679298281669617, train accuracy: 0.6171875
Validating:
Validate loss: 0.6910157799720764, validate accuracy: 0.566, ensemble accuracy: 1.0, F1: 1.0.
Epoch 9
Train loss: 0.6728541851043701, train accuracy: 0.65625
Validating:
Validate loss: 0.6902464628219604, validate accuracy: 0.56, ensemble accuracy: 1.0, F1: 1.0.
Epoch 10
Train loss: 0.6997180581092834, train accuracy: 0.515625
Validating:
Validate loss: 0.6915197372436523, validate accuracy: 0.558, ensemble accuracy: 0.8, F1: 0.8.
Epoch 11
Train loss: 0.6879500150680542, train accuracy: 0.5546875
Validating:
Validate loss: 0.6921217441558838, validate accuracy: 0.548, ensemble accuracy: 0.8, F1: 0.8.
Epoch 12
Train loss: 0.6724504232406616, train accuracy: 0.59375
Validating:
Validate loss: 0.6923800706863403, validate accuracy: 0.556, ensemble accuracy: 0.8, F1: 0.8.
Epoch 13
Train loss: 0.6868242621421814, train accuracy: 0.53125
Validating:
Validate loss: 0.6930676102638245, validate accuracy: 0.552, ensemble accuracy: 0.8, F1: 0.8.
Epoch 14
Train loss: 0.682673454284668, train accuracy: 0.5859375
Validating:
Validate loss: 0.69408118724823, validate accuracy: 0.562, ensemble accuracy: 0.8, F1: 0.8.
Epoch 15
Train loss: 0.6830253601074219, train accuracy: 0.5546875
Validating:
Validate loss: 0.6935148239135742, validate accuracy: 0.556, ensemble accuracy: 0.8, F1: 0.8.
Epoch 16
Train loss: 0.6706433296203613, train accuracy: 0.5859375
Validating:
Validate loss: 0.6934973001480103, validate accuracy: 0.558, ensemble accuracy: 0.8, F1: 0.8.
Epoch 17
Train loss: 0.6822910904884338, train accuracy: 0.5390625
Validating:
Validate loss: 0.694110631942749, validate accuracy: 0.56, ensemble accuracy: 0.8, F1: 0.8.
Epoch 18
Train loss: 0.6697872877120972, train accuracy: 0.578125
Validating:
Validate loss: 0.6942178606987, validate accuracy: 0.556, ensemble accuracy: 0.8, F1: 0.8.
Epoch 19
Train loss: 0.6712165474891663, train accuracy: 0.640625
Validating:
Validate loss: 0.6939183473587036, validate accuracy: 0.556, ensemble accuracy: 0.8, F1: 0.8.
Epoch 20
Train loss: 0.6639336347579956, train accuracy: 0.5703125
Validating:
Validate loss: 0.694284975528717, validate accuracy: 0.568, ensemble accuracy: 0.8, F1: 0.8.
Training Finished.
############ Fold 6 Network accuracy: 0.8
In RawEEG: shape=(4800, 3, 210)
###################### Fold 7 ######################
Use CUDA
log location: logs
Optimizer configuration:
AdamW (
Parameter Group 0
    amsgrad: False
    betas: (0.9, 0.999)
    capturable: False
    differentiable: False
    eps: 1e-08
    foreach: None
    fused: None
    lr: 0.0001
    maximize: False
    weight_decay: 0.0001
)
Trainer Initialization Finished.
Epoch 1
Train loss: 0.7253589034080505, train accuracy: 0.515625
Validating:
Validate loss: 0.7398252487182617, validate accuracy: 0.446, ensemble accuracy: 0.2, F1: 0.0.
Epoch 2
Train loss: 0.6937280297279358, train accuracy: 0.546875
Validating:
Validate loss: 0.7362595796585083, validate accuracy: 0.444, ensemble accuracy: 0.2, F1: 0.0.
Epoch 3
Train loss: 0.6975967884063721, train accuracy: 0.5234375
Validating:
Validate loss: 0.7255964279174805, validate accuracy: 0.456, ensemble accuracy: 0.2, F1: 0.0.
Epoch 4
Train loss: 0.6749683618545532, train accuracy: 0.6171875
Validating:
Validate loss: 0.7227592468261719, validate accuracy: 0.474, ensemble accuracy: 0.2, F1: 0.0.
Epoch 5
Train loss: 0.674196183681488, train accuracy: 0.5625
Validating:
Validate loss: 0.7176733613014221, validate accuracy: 0.504, ensemble accuracy: 0.4, F1: 0.0.
Epoch 6
Train loss: 0.6671326160430908, train accuracy: 0.5703125
Validating:
Validate loss: 0.7189355492591858, validate accuracy: 0.496, ensemble accuracy: 0.2, F1: 0.0.
Epoch 7
Train loss: 0.6582775712013245, train accuracy: 0.59375
Validating:
Validate loss: 0.7171930074691772, validate accuracy: 0.516, ensemble accuracy: 0.6, F1: 0.0.
Epoch 8
Train loss: 0.6936756372451782, train accuracy: 0.5078125
Validating:
Validate loss: 0.7159830927848816, validate accuracy: 0.508, ensemble accuracy: 0.6, F1: 0.0.
Epoch 9
Train loss: 0.6508283019065857, train accuracy: 0.6171875
Validating:
Validate loss: 0.7115371823310852, validate accuracy: 0.512, ensemble accuracy: 0.8, F1: 0.0.
Epoch 10
Train loss: 0.6785584688186646, train accuracy: 0.5546875
Validating:
Validate loss: 0.7161706686019897, validate accuracy: 0.502, ensemble accuracy: 0.6, F1: 0.0.
Epoch 11
Train loss: 0.6729156970977783, train accuracy: 0.59375
Validating:
Validate loss: 0.7120123505592346, validate accuracy: 0.512, ensemble accuracy: 0.8, F1: 0.0.
Epoch 12
Train loss: 0.6633208394050598, train accuracy: 0.578125
Validating:
Validate loss: 0.713653028011322, validate accuracy: 0.514, ensemble accuracy: 0.8, F1: 0.0.
Epoch 13
Train loss: 0.682411789894104, train accuracy: 0.5703125
Validating:
Validate loss: 0.7106109857559204, validate accuracy: 0.528, ensemble accuracy: 0.8, F1: 0.0.
Epoch 14
Train loss: 0.6878301501274109, train accuracy: 0.5703125
Validating:
Validate loss: 0.7203030586242676, validate accuracy: 0.5, ensemble accuracy: 0.6, F1: 0.0.
Epoch 15
Train loss: 0.6763922572135925, train accuracy: 0.5546875
Validating:
Validate loss: 0.7098012566566467, validate accuracy: 0.528, ensemble accuracy: 0.8, F1: 0.0.
Epoch 16
Train loss: 0.7011155486106873, train accuracy: 0.5078125
Validating:
Validate loss: 0.7092050909996033, validate accuracy: 0.536, ensemble accuracy: 0.8, F1: 0.0.
Epoch 17
Train loss: 0.6660864353179932, train accuracy: 0.5859375
Validating:
Validate loss: 0.7127688527107239, validate accuracy: 0.532, ensemble accuracy: 0.8, F1: 0.0.
Epoch 18
Train loss: 0.6378340125083923, train accuracy: 0.6640625
Validating:
Validate loss: 0.7094883918762207, validate accuracy: 0.546, ensemble accuracy: 0.8, F1: 0.0.
Epoch 19
Train loss: 0.6980821490287781, train accuracy: 0.546875
Validating:
Validate loss: 0.7172897458076477, validate accuracy: 0.522, ensemble accuracy: 0.8, F1: 0.0.
Epoch 20
Train loss: 0.6794990301132202, train accuracy: 0.4921875
Validating:
Validate loss: 0.7158377766609192, validate accuracy: 0.53, ensemble accuracy: 0.8, F1: 0.0.
Training Finished.
############ Fold 7 Network accuracy: 0.8
In RawEEG: shape=(4800, 3, 210)
###################### Fold 8 ######################
Use CUDA
log location: logs
Optimizer configuration:
AdamW (
Parameter Group 0
    amsgrad: False
    betas: (0.9, 0.999)
    capturable: False
    differentiable: False
    eps: 1e-08
    foreach: None
    fused: None
    lr: 0.0001
    maximize: False
    weight_decay: 0.0001
)
Trainer Initialization Finished.
Epoch 1
Train loss: 0.734643280506134, train accuracy: 0.5390625
Validating:
Validate loss: 0.7174625992774963, validate accuracy: 0.502, ensemble accuracy: 0.6, F1: 0.75.
Epoch 2
Train loss: 0.7583053708076477, train accuracy: 0.453125
Validating:
Validate loss: 0.7026903033256531, validate accuracy: 0.522, ensemble accuracy: 0.6, F1: 0.75.
Epoch 3
Train loss: 0.7155937552452087, train accuracy: 0.484375
Validating:
Validate loss: 0.6922661662101746, validate accuracy: 0.508, ensemble accuracy: 0.6, F1: 0.75.
Epoch 4
Train loss: 0.675098717212677, train accuracy: 0.5625
Validating:
Validate loss: 0.6874647736549377, validate accuracy: 0.534, ensemble accuracy: 0.6, F1: 0.75.
Epoch 5
Train loss: 0.69010990858078, train accuracy: 0.515625
Validating:
Validate loss: 0.6867783069610596, validate accuracy: 0.534, ensemble accuracy: 0.6, F1: 0.75.
Epoch 6
Train loss: 0.6987184286117554, train accuracy: 0.53125
Validating:
Validate loss: 0.6879206299781799, validate accuracy: 0.54, ensemble accuracy: 0.6, F1: 0.75.
Epoch 7
Train loss: 0.6758851408958435, train accuracy: 0.5859375
Validating:
Validate loss: 0.6899096965789795, validate accuracy: 0.532, ensemble accuracy: 0.4, F1: 0.4.
Epoch 8
Train loss: 0.6738381385803223, train accuracy: 0.5234375
Validating:
Validate loss: 0.6929036974906921, validate accuracy: 0.53, ensemble accuracy: 0.4, F1: 0.4.
Epoch 9
Train loss: 0.6702417731285095, train accuracy: 0.5625
Validating:
Validate loss: 0.6948121190071106, validate accuracy: 0.524, ensemble accuracy: 0.4, F1: 0.4.
Epoch 10
Train loss: 0.6915309429168701, train accuracy: 0.5859375
Validating:
Validate loss: 0.698070228099823, validate accuracy: 0.534, ensemble accuracy: 0.4, F1: 0.4.
Epoch 11
Train loss: 0.6757749915122986, train accuracy: 0.59375
Validating:
Validate loss: 0.6994001865386963, validate accuracy: 0.522, ensemble accuracy: 0.4, F1: 0.4.
Epoch 12
Train loss: 0.6529550552368164, train accuracy: 0.59375
Validating:
Validate loss: 0.7018330693244934, validate accuracy: 0.502, ensemble accuracy: 0.4, F1: 0.4.
Epoch 13
Train loss: 0.6562795042991638, train accuracy: 0.6015625
Validating:
Validate loss: 0.7021433115005493, validate accuracy: 0.512, ensemble accuracy: 0.4, F1: 0.4.
Epoch 14
Train loss: 0.6742866039276123, train accuracy: 0.515625
Validating:
Validate loss: 0.7038772106170654, validate accuracy: 0.506, ensemble accuracy: 0.4, F1: 0.4.
Epoch 15
Train loss: 0.676658570766449, train accuracy: 0.59375
Validating:
Validate loss: 0.7062253355979919, validate accuracy: 0.506, ensemble accuracy: 0.4, F1: 0.4.
Epoch 16
Train loss: 0.6876128315925598, train accuracy: 0.4921875
Validating:
Validate loss: 0.707613468170166, validate accuracy: 0.496, ensemble accuracy: 0.6, F1: 0.5.
Epoch 17
Train loss: 0.666934072971344, train accuracy: 0.6796875
Validating:
Validate loss: 0.7080731391906738, validate accuracy: 0.506, ensemble accuracy: 0.6, F1: 0.5.
Epoch 18
Train loss: 0.6522932052612305, train accuracy: 0.609375
Validating:
Validate loss: 0.7117696404457092, validate accuracy: 0.494, ensemble accuracy: 0.6, F1: 0.5.
Epoch 19
Train loss: 0.6504870653152466, train accuracy: 0.578125
Validating:
Validate loss: 0.7115840911865234, validate accuracy: 0.508, ensemble accuracy: 0.6, F1: 0.5.
Epoch 20
Train loss: 0.6650295853614807, train accuracy: 0.6015625
Validating:
Validate loss: 0.7101701498031616, validate accuracy: 0.508, ensemble accuracy: 0.6, F1: 0.5.
Training Finished.
############ Fold 8 Network accuracy: 0.6
In RawEEG: shape=(4800, 3, 210)
###################### Fold 9 ######################
Use CUDA
log location: logs
Optimizer configuration:
AdamW (
Parameter Group 0
    amsgrad: False
    betas: (0.9, 0.999)
    capturable: False
    differentiable: False
    eps: 1e-08
    foreach: None
    fused: None
    lr: 0.0001
    maximize: False
    weight_decay: 0.0001
)
Trainer Initialization Finished.
Epoch 1
Train loss: 0.6757112145423889, train accuracy: 0.578125
Validating:
Validate loss: 0.6936737895011902, validate accuracy: 0.5, ensemble accuracy: 0.6, F1: 0.75.
Epoch 2
Train loss: 0.6879386901855469, train accuracy: 0.484375
Validating:
Validate loss: 0.7075434923171997, validate accuracy: 0.462, ensemble accuracy: 0.2, F1: 0.0.
Epoch 3
Train loss: 0.673983633518219, train accuracy: 0.6171875
Validating:
Validate loss: 0.7126078605651855, validate accuracy: 0.432, ensemble accuracy: 0.2, F1: 0.0.
Epoch 4
Train loss: 0.6666852235794067, train accuracy: 0.5703125
Validating:
Validate loss: 0.7199692130088806, validate accuracy: 0.422, ensemble accuracy: 0.2, F1: 0.0.
Epoch 5
Train loss: 0.6762911081314087, train accuracy: 0.6328125
Validating:
Validate loss: 0.7197622060775757, validate accuracy: 0.428, ensemble accuracy: 0.2, F1: 0.0.
Epoch 6
Train loss: 0.6855142116546631, train accuracy: 0.609375
Validating:
Validate loss: 0.7226301431655884, validate accuracy: 0.42, ensemble accuracy: 0.2, F1: 0.0.
Epoch 7
Train loss: 0.6593949198722839, train accuracy: 0.640625
Validating:
Validate loss: 0.7215401530265808, validate accuracy: 0.416, ensemble accuracy: 0.2, F1: 0.0.
Epoch 8
Train loss: 0.6727461218833923, train accuracy: 0.578125
Validating:
Validate loss: 0.732120156288147, validate accuracy: 0.396, ensemble accuracy: 0.2, F1: 0.0.
Epoch 9
Train loss: 0.6606130599975586, train accuracy: 0.625
Validating:
Validate loss: 0.7300235033035278, validate accuracy: 0.402, ensemble accuracy: 0.2, F1: 0.0.
Epoch 10
Train loss: 0.6752973794937134, train accuracy: 0.5625
Validating:
Validate loss: 0.7279285192489624, validate accuracy: 0.408, ensemble accuracy: 0.2, F1: 0.0.
Epoch 11
Train loss: 0.6688954830169678, train accuracy: 0.59375
Validating:
Validate loss: 0.7334480285644531, validate accuracy: 0.404, ensemble accuracy: 0.2, F1: 0.0.
Epoch 12
Train loss: 0.6906605362892151, train accuracy: 0.5390625
Validating:
Validate loss: 0.734804093837738, validate accuracy: 0.408, ensemble accuracy: 0.2, F1: 0.0.
Epoch 13
Train loss: 0.6693801283836365, train accuracy: 0.5859375
Validating:
Validate loss: 0.7332403659820557, validate accuracy: 0.396, ensemble accuracy: 0.2, F1: 0.0.
Epoch 14
Train loss: 0.6597900986671448, train accuracy: 0.6328125
Validating:
Validate loss: 0.7361701726913452, validate accuracy: 0.406, ensemble accuracy: 0.2, F1: 0.0.
Epoch 15
Train loss: 0.6349655985832214, train accuracy: 0.6484375
Validating:
Validate loss: 0.7352582812309265, validate accuracy: 0.406, ensemble accuracy: 0.2, F1: 0.0.
Epoch 16
Train loss: 0.6768308877944946, train accuracy: 0.6328125
Validating:
Validate loss: 0.7390991449356079, validate accuracy: 0.402, ensemble accuracy: 0.2, F1: 0.0.
Epoch 17
Train loss: 0.6747220158576965, train accuracy: 0.609375
Validating:
Validate loss: 0.74039626121521, validate accuracy: 0.404, ensemble accuracy: 0.2, F1: 0.0.
Epoch 18
Train loss: 0.6424063444137573, train accuracy: 0.6953125
Validating:
Validate loss: 0.743485689163208, validate accuracy: 0.39, ensemble accuracy: 0.2, F1: 0.0.
Epoch 19
Train loss: 0.6541144251823425, train accuracy: 0.5625
Validating:
Validate loss: 0.7414706349372864, validate accuracy: 0.394, ensemble accuracy: 0.2, F1: 0.0.
Epoch 20
Train loss: 0.685089111328125, train accuracy: 0.6171875
Validating:
Validate loss: 0.7373933792114258, validate accuracy: 0.404, ensemble accuracy: 0.2, F1: 0.0.
Training Finished.
############ Fold 9 Network accuracy: 0.2
In RawEEG: shape=(4500, 3, 210)
###################### Fold 10 ######################
Use CUDA
log location: logs
Optimizer configuration:
AdamW (
Parameter Group 0
    amsgrad: False
    betas: (0.9, 0.999)
    capturable: False
    differentiable: False
    eps: 1e-08
    foreach: None
    fused: None
    lr: 0.0001
    maximize: False
    weight_decay: 0.0001
)
Trainer Initialization Finished.
Epoch 1
Train loss: 0.6466745734214783, train accuracy: 0.6484375
Validating:
Validate loss: 0.6895705771446228, validate accuracy: 0.445, ensemble accuracy: 0.375, F1: 0.5454545454545454.
Epoch 2
Train loss: 0.6857937574386597, train accuracy: 0.515625
Validating:
Validate loss: 0.685182933807373, validate accuracy: 0.49125, ensemble accuracy: 0.375, F1: 0.5454545454545454.
Epoch 3
Train loss: 0.6578272581100464, train accuracy: 0.5703125
Validating:
Validate loss: 0.6826692652702332, validate accuracy: 0.48375, ensemble accuracy: 0.375, F1: 0.5454545454545454.
Epoch 4
Train loss: 0.6836804747581482, train accuracy: 0.515625
Validating:
Validate loss: 0.6826408123970031, validate accuracy: 0.49, ensemble accuracy: 0.375, F1: 0.5454545454545454.
Epoch 5
Train loss: 0.6801724433898926, train accuracy: 0.5625
Validating:
Validate loss: 0.6826600289344787, validate accuracy: 0.4875, ensemble accuracy: 0.375, F1: 0.5454545454545454.
Epoch 6
Train loss: 0.6802915930747986, train accuracy: 0.5625
Validating:
Validate loss: 0.6801537537574768, validate accuracy: 0.51, ensemble accuracy: 0.375, F1: 0.5454545454545454.
Epoch 7
Train loss: 0.6718408465385437, train accuracy: 0.59375
Validating:
Validate loss: 0.6786351943016052, validate accuracy: 0.51875, ensemble accuracy: 0.375, F1: 0.4444444444444444.
Epoch 8
Train loss: 0.6655610799789429, train accuracy: 0.5390625
Validating:
Validate loss: 0.6788319015502929, validate accuracy: 0.525, ensemble accuracy: 0.375, F1: 0.4444444444444444.
Epoch 9
Train loss: 0.6776934862136841, train accuracy: 0.5859375
Validating:
Validate loss: 0.6788580632209777, validate accuracy: 0.52375, ensemble accuracy: 0.375, F1: 0.4444444444444444.
Epoch 10
Train loss: 0.6797052025794983, train accuracy: 0.5546875
Validating:
Validate loss: 0.6787703847885131, validate accuracy: 0.5325, ensemble accuracy: 0.5, F1: 0.5.
Epoch 11
Train loss: 0.6725791096687317, train accuracy: 0.5703125
Validating:
Validate loss: 0.6776179218292236, validate accuracy: 0.545, ensemble accuracy: 0.625, F1: 0.5714285714285714.
Epoch 12
Train loss: 0.6761522889137268, train accuracy: 0.5703125
Validating:
Validate loss: 0.6753925061225892, validate accuracy: 0.5575, ensemble accuracy: 0.625, F1: 0.5714285714285714.
Epoch 13
Train loss: 0.6894828677177429, train accuracy: 0.5546875
Validating:
Validate loss: 0.6779649376869201, validate accuracy: 0.54875, ensemble accuracy: 0.625, F1: 0.5714285714285714.
Epoch 14
Train loss: 0.6781699657440186, train accuracy: 0.546875
Validating:
Validate loss: 0.6760462212562561, validate accuracy: 0.555, ensemble accuracy: 0.625, F1: 0.5714285714285714.
Epoch 15
Train loss: 0.665391206741333, train accuracy: 0.6328125
Validating:
Validate loss: 0.6775876450538635, validate accuracy: 0.55375, ensemble accuracy: 0.625, F1: 0.5714285714285714.
Epoch 16
Train loss: 0.6698035001754761, train accuracy: 0.5546875
Validating:
Validate loss: 0.6759383058547974, validate accuracy: 0.5575, ensemble accuracy: 0.625, F1: 0.5714285714285714.
Epoch 17
Train loss: 0.6831323504447937, train accuracy: 0.53125
Validating:
Validate loss: 0.6772516822814941, validate accuracy: 0.55125, ensemble accuracy: 0.625, F1: 0.5714285714285714.
Epoch 18
Train loss: 0.6686196327209473, train accuracy: 0.5703125
Validating:
Validate loss: 0.6791360092163086, validate accuracy: 0.55, ensemble accuracy: 0.625, F1: 0.5714285714285714.
Epoch 19
Train loss: 0.6854632496833801, train accuracy: 0.609375
Validating:
Validate loss: 0.6784705400466919, validate accuracy: 0.55625, ensemble accuracy: 0.625, F1: 0.5714285714285714.
Epoch 20
Train loss: 0.6608279943466187, train accuracy: 0.65625
Validating:
Validate loss: 0.6780427718162536, validate accuracy: 0.55375, ensemble accuracy: 0.625, F1: 0.5714285714285714.
Training Finished.
############ Fold 10 Network accuracy: 0.625
[0.6   0.6   0.4   0.4   0.6   0.8   0.8   0.6   0.2   0.625]
Average accuracy: 0.5625
Full record:
[{'accuracy': 0.6, 'precision': 0.0, 'recall': 0.0, 'f1': 0.0}, {'accuracy': 0.6, 'precision': 1.0, 'recall': 0.3333333333333333, 'f1': 0.5}, {'accuracy': 0.4, 'precision': 0.5, 'recall': 0.6666666666666666, 'f1': 0.5714285714285714}, {'accuracy': 0.4, 'precision': 0.0, 'recall': 0.0, 'f1': 0.0}, {'accuracy': 0.6, 'precision': 0.6666666666666666, 'recall': 0.6666666666666666, 'f1': 0.6666666666666666}, {'accuracy': 0.8, 'precision': 0.6666666666666666, 'recall': 1.0, 'f1': 0.8}, {'accuracy': 0.8, 'precision': 0.0, 'recall': 0.0, 'f1': 0.0}, {'accuracy': 0.6, 'precision': 1.0, 'recall': 0.3333333333333333, 'f1': 0.5}, {'accuracy': 0.2, 'precision': 0.0, 'recall': 0.0, 'f1': 0.0}, {'accuracy': 0.625, 'precision': 0.5, 'recall': 0.6666666666666666, 'f1': 0.5714285714285714}]
Confusion Matrices:
[array([[3, 0],
       [2, 0]]), array([[2, 0],
       [2, 1]]), array([[0, 2],
       [1, 2]]), array([[2, 2],
       [1, 0]]), array([[1, 1],
       [1, 2]]), array([[2, 1],
       [0, 2]]), array([[4, 1],
       [0, 0]]), array([[2, 0],
       [2, 1]]), array([[1, 0],
       [4, 0]]), array([[3, 2],
       [1, 2]])]
!!!!!!!!!! EEG on GRU !!!!!!!!!!
In RawEEG: shape=(4800, 3, 210)
###################### Fold 1 ######################
Use CUDA
log location: logs
Optimizer configuration:
AdamW (
Parameter Group 0
    amsgrad: False
    betas: (0.9, 0.999)
    capturable: False
    differentiable: False
    eps: 1e-08
    foreach: None
    fused: None
    lr: 0.0001
    maximize: False
    weight_decay: 0.0001
)
Trainer Initialization Finished.
Epoch 1
Train loss: 0.720804750919342, train accuracy: 0.5390625
Validating:
Validate loss: 0.6963341236114502, validate accuracy: 0.522, ensemble accuracy: 0.4, F1: 0.4.
Epoch 2
Train loss: 0.6842589378356934, train accuracy: 0.5546875
Validating:
Validate loss: 0.6964409947395325, validate accuracy: 0.488, ensemble accuracy: 0.6, F1: 0.0.
Epoch 3
Train loss: 0.693054735660553, train accuracy: 0.5703125
Validating:
Validate loss: 0.696601390838623, validate accuracy: 0.494, ensemble accuracy: 0.6, F1: 0.0.
Epoch 4
Train loss: 0.6929218769073486, train accuracy: 0.484375
Validating:
Validate loss: 0.694809079170227, validate accuracy: 0.516, ensemble accuracy: 0.6, F1: 0.0.
Epoch 5
Train loss: 0.6898704767227173, train accuracy: 0.5546875
Validating:
Validate loss: 0.6953554749488831, validate accuracy: 0.526, ensemble accuracy: 0.6, F1: 0.0.
Epoch 6
Train loss: 0.6925774216651917, train accuracy: 0.5625
Validating:
Validate loss: 0.69482421875, validate accuracy: 0.522, ensemble accuracy: 0.6, F1: 0.0.
Epoch 7
Train loss: 0.6695311069488525, train accuracy: 0.640625
Validating:
Validate loss: 0.6968339085578918, validate accuracy: 0.524, ensemble accuracy: 0.6, F1: 0.0.
Epoch 8
Train loss: 0.6873601675033569, train accuracy: 0.5859375
Validating:
Validate loss: 0.6955946087837219, validate accuracy: 0.53, ensemble accuracy: 0.6, F1: 0.0.
Epoch 9
Train loss: 0.6935489773750305, train accuracy: 0.5234375
Validating:
Validate loss: 0.695305585861206, validate accuracy: 0.528, ensemble accuracy: 0.6, F1: 0.0.
Epoch 10
Train loss: 0.6740331649780273, train accuracy: 0.5234375
Validating:
Validate loss: 0.6962633728981018, validate accuracy: 0.54, ensemble accuracy: 0.6, F1: 0.0.
Epoch 11
Train loss: 0.6713725328445435, train accuracy: 0.5625
Validating:
Validate loss: 0.6975385546684265, validate accuracy: 0.528, ensemble accuracy: 0.6, F1: 0.0.
Epoch 12
Train loss: 0.6845998764038086, train accuracy: 0.6328125
Validating:
Validate loss: 0.6967120170593262, validate accuracy: 0.536, ensemble accuracy: 0.6, F1: 0.0.
Epoch 13
Train loss: 0.6702605485916138, train accuracy: 0.6015625
Validating:
Validate loss: 0.697162389755249, validate accuracy: 0.532, ensemble accuracy: 0.6, F1: 0.0.
Epoch 14
Train loss: 0.6563019752502441, train accuracy: 0.640625
Validating:
Validate loss: 0.6960960030555725, validate accuracy: 0.538, ensemble accuracy: 0.6, F1: 0.0.
Epoch 15
Train loss: 0.6662241220474243, train accuracy: 0.6328125
Validating:
Validate loss: 0.6980202794075012, validate accuracy: 0.532, ensemble accuracy: 0.6, F1: 0.0.
Epoch 16
Train loss: 0.6742115020751953, train accuracy: 0.6015625
Validating:
Validate loss: 0.6992409229278564, validate accuracy: 0.528, ensemble accuracy: 0.6, F1: 0.0.
Epoch 17
Train loss: 0.6512079238891602, train accuracy: 0.6015625
Validating:
Validate loss: 0.6993290781974792, validate accuracy: 0.54, ensemble accuracy: 0.6, F1: 0.0.
Epoch 18
Train loss: 0.6674919724464417, train accuracy: 0.5625
Validating:
Validate loss: 0.6978797912597656, validate accuracy: 0.542, ensemble accuracy: 0.6, F1: 0.0.
Epoch 19
Train loss: 0.6369102597236633, train accuracy: 0.65625
Validating:
Validate loss: 0.7000634074211121, validate accuracy: 0.526, ensemble accuracy: 0.6, F1: 0.0.
Epoch 20
Train loss: 0.6734474301338196, train accuracy: 0.59375
Validating:
Validate loss: 0.700676679611206, validate accuracy: 0.534, ensemble accuracy: 0.6, F1: 0.0.
Training Finished.
############ Fold 1 Network accuracy: 0.6
In RawEEG: shape=(4800, 3, 210)
###################### Fold 2 ######################
Use CUDA
log location: logs
Optimizer configuration:
AdamW (
Parameter Group 0
    amsgrad: False
    betas: (0.9, 0.999)
    capturable: False
    differentiable: False
    eps: 1e-08
    foreach: None
    fused: None
    lr: 0.0001
    maximize: False
    weight_decay: 0.0001
)
Trainer Initialization Finished.
Epoch 1
Train loss: 0.7164161205291748, train accuracy: 0.46875
Validating:
Validate loss: 0.6957410573959351, validate accuracy: 0.542, ensemble accuracy: 0.6, F1: 0.75.
Epoch 2
Train loss: 0.6882160902023315, train accuracy: 0.5234375
Validating:
Validate loss: 0.6874303817749023, validate accuracy: 0.558, ensemble accuracy: 0.6, F1: 0.75.
Epoch 3
Train loss: 0.6887193918228149, train accuracy: 0.546875
Validating:
Validate loss: 0.682616114616394, validate accuracy: 0.568, ensemble accuracy: 0.6, F1: 0.75.
Epoch 4
Train loss: 0.7016297578811646, train accuracy: 0.4453125
Validating:
Validate loss: 0.6807150840759277, validate accuracy: 0.568, ensemble accuracy: 0.6, F1: 0.75.
Epoch 5
Train loss: 0.6933584213256836, train accuracy: 0.4609375
Validating:
Validate loss: 0.6809670329093933, validate accuracy: 0.546, ensemble accuracy: 0.6, F1: 0.75.
Epoch 6
Train loss: 0.6794257164001465, train accuracy: 0.515625
Validating:
Validate loss: 0.6826450228691101, validate accuracy: 0.55, ensemble accuracy: 0.8, F1: 0.8571428571428571.
Epoch 7
Train loss: 0.6991651654243469, train accuracy: 0.46875
Validating:
Validate loss: 0.6834201812744141, validate accuracy: 0.538, ensemble accuracy: 0.8, F1: 0.8571428571428571.
Epoch 8
Train loss: 0.6783232092857361, train accuracy: 0.5234375
Validating:
Validate loss: 0.6836860775947571, validate accuracy: 0.542, ensemble accuracy: 0.8, F1: 0.8571428571428571.
Epoch 9
Train loss: 0.6720457077026367, train accuracy: 0.5625
Validating:
Validate loss: 0.6846159100532532, validate accuracy: 0.55, ensemble accuracy: 0.8, F1: 0.8571428571428571.
Epoch 10
Train loss: 0.656550943851471, train accuracy: 0.6171875
Validating:
Validate loss: 0.6861050128936768, validate accuracy: 0.548, ensemble accuracy: 0.8, F1: 0.8571428571428571.
Epoch 11
Train loss: 0.689792275428772, train accuracy: 0.546875
Validating:
Validate loss: 0.687995195388794, validate accuracy: 0.542, ensemble accuracy: 0.6, F1: 0.6666666666666666.
Epoch 12
Train loss: 0.6774460077285767, train accuracy: 0.5859375
Validating:
Validate loss: 0.686607837677002, validate accuracy: 0.54, ensemble accuracy: 0.6, F1: 0.6666666666666666.
Epoch 13
Train loss: 0.6889170408248901, train accuracy: 0.5390625
Validating:
Validate loss: 0.6890676617622375, validate accuracy: 0.522, ensemble accuracy: 0.8, F1: 0.8.
Epoch 14
Train loss: 0.6557521820068359, train accuracy: 0.6171875
Validating:
Validate loss: 0.6906953454017639, validate accuracy: 0.534, ensemble accuracy: 0.6, F1: 0.5.
Epoch 15
Train loss: 0.6788625717163086, train accuracy: 0.625
Validating:
Validate loss: 0.691653847694397, validate accuracy: 0.526, ensemble accuracy: 0.6, F1: 0.5.
Epoch 16
Train loss: 0.6719694137573242, train accuracy: 0.5859375
Validating:
Validate loss: 0.6889525055885315, validate accuracy: 0.544, ensemble accuracy: 0.6, F1: 0.5.
Epoch 17
Train loss: 0.6801559329032898, train accuracy: 0.59375
Validating:
Validate loss: 0.6877303719520569, validate accuracy: 0.528, ensemble accuracy: 0.6, F1: 0.5.
Epoch 18
Train loss: 0.6386687755584717, train accuracy: 0.6328125
Validating:
Validate loss: 0.6906706094741821, validate accuracy: 0.514, ensemble accuracy: 0.6, F1: 0.5.
Epoch 19
Train loss: 0.666943371295929, train accuracy: 0.5625
Validating:
Validate loss: 0.6916273832321167, validate accuracy: 0.53, ensemble accuracy: 0.6, F1: 0.5.
Epoch 20
Train loss: 0.6428031921386719, train accuracy: 0.640625
Validating:
Validate loss: 0.6924710273742676, validate accuracy: 0.514, ensemble accuracy: 0.6, F1: 0.5.
Training Finished.
############ Fold 2 Network accuracy: 0.6
In RawEEG: shape=(4800, 3, 210)
###################### Fold 3 ######################
Use CUDA
log location: logs
Optimizer configuration:
AdamW (
Parameter Group 0
    amsgrad: False
    betas: (0.9, 0.999)
    capturable: False
    differentiable: False
    eps: 1e-08
    foreach: None
    fused: None
    lr: 0.0001
    maximize: False
    weight_decay: 0.0001
)
Trainer Initialization Finished.
Epoch 1
Train loss: 0.7086849808692932, train accuracy: 0.640625
Validating:
Validate loss: 0.7645847201347351, validate accuracy: 0.494, ensemble accuracy: 0.8, F1: 0.8.
Epoch 2
Train loss: 0.6782008409500122, train accuracy: 0.5546875
Validating:
Validate loss: 0.6965824365615845, validate accuracy: 0.508, ensemble accuracy: 0.8, F1: 0.8.
Epoch 3
Train loss: 0.6819108128547668, train accuracy: 0.5234375
Validating:
Validate loss: 0.6846810579299927, validate accuracy: 0.556, ensemble accuracy: 0.8, F1: 0.8.
Epoch 4
Train loss: 0.6903632879257202, train accuracy: 0.5703125
Validating:
Validate loss: 0.6803949475288391, validate accuracy: 0.58, ensemble accuracy: 0.8, F1: 0.8.
Epoch 5
Train loss: 0.675121545791626, train accuracy: 0.6171875
Validating:
Validate loss: 0.6792252659797668, validate accuracy: 0.564, ensemble accuracy: 0.8, F1: 0.8.
Epoch 6
Train loss: 0.6867522597312927, train accuracy: 0.5390625
Validating:
Validate loss: 0.6795868277549744, validate accuracy: 0.57, ensemble accuracy: 0.8, F1: 0.8.
Epoch 7
Train loss: 0.6796668171882629, train accuracy: 0.5625
Validating:
Validate loss: 0.6778377890586853, validate accuracy: 0.564, ensemble accuracy: 0.8, F1: 0.8.
Epoch 8
Train loss: 0.6997813582420349, train accuracy: 0.4765625
Validating:
Validate loss: 0.6777039170265198, validate accuracy: 0.56, ensemble accuracy: 0.6, F1: 0.6666666666666666.
Epoch 9
Train loss: 0.6822624206542969, train accuracy: 0.515625
Validating:
Validate loss: 0.6772052645683289, validate accuracy: 0.562, ensemble accuracy: 0.4, F1: 0.5714285714285714.
Epoch 10
Train loss: 0.6818307638168335, train accuracy: 0.609375
Validating:
Validate loss: 0.6774405837059021, validate accuracy: 0.546, ensemble accuracy: 0.4, F1: 0.5714285714285714.
Epoch 11
Train loss: 0.6717738509178162, train accuracy: 0.65625
Validating:
Validate loss: 0.6772770285606384, validate accuracy: 0.554, ensemble accuracy: 0.4, F1: 0.5714285714285714.
Epoch 12
Train loss: 0.6644027233123779, train accuracy: 0.65625
Validating:
Validate loss: 0.6796034574508667, validate accuracy: 0.55, ensemble accuracy: 0.4, F1: 0.5714285714285714.
Epoch 13
Train loss: 0.6766252517700195, train accuracy: 0.546875
Validating:
Validate loss: 0.6790268421173096, validate accuracy: 0.548, ensemble accuracy: 0.4, F1: 0.5714285714285714.
Epoch 14
Train loss: 0.6823084354400635, train accuracy: 0.5859375
Validating:
Validate loss: 0.6796036958694458, validate accuracy: 0.548, ensemble accuracy: 0.4, F1: 0.5714285714285714.
Epoch 15
Train loss: 0.6933576464653015, train accuracy: 0.5078125
Validating:
Validate loss: 0.6803804039955139, validate accuracy: 0.548, ensemble accuracy: 0.4, F1: 0.5714285714285714.
Epoch 16
Train loss: 0.664400041103363, train accuracy: 0.65625
Validating:
Validate loss: 0.6820540428161621, validate accuracy: 0.538, ensemble accuracy: 0.4, F1: 0.5714285714285714.
Epoch 17
Train loss: 0.6960764527320862, train accuracy: 0.5234375
Validating:
Validate loss: 0.68110191822052, validate accuracy: 0.55, ensemble accuracy: 0.4, F1: 0.5714285714285714.
Epoch 18
Train loss: 0.6705665588378906, train accuracy: 0.6015625
Validating:
Validate loss: 0.6828789114952087, validate accuracy: 0.546, ensemble accuracy: 0.4, F1: 0.5714285714285714.
Epoch 19
Train loss: 0.6675195693969727, train accuracy: 0.6328125
Validating:
Validate loss: 0.6826969385147095, validate accuracy: 0.54, ensemble accuracy: 0.4, F1: 0.5714285714285714.
Epoch 20
Train loss: 0.6865317821502686, train accuracy: 0.5546875
Validating:
Validate loss: 0.6840872764587402, validate accuracy: 0.538, ensemble accuracy: 0.4, F1: 0.5714285714285714.
Training Finished.
############ Fold 3 Network accuracy: 0.4
In RawEEG: shape=(4800, 3, 210)
###################### Fold 4 ######################
Use CUDA
log location: logs
Optimizer configuration:
AdamW (
Parameter Group 0
    amsgrad: False
    betas: (0.9, 0.999)
    capturable: False
    differentiable: False
    eps: 1e-08
    foreach: None
    fused: None
    lr: 0.0001
    maximize: False
    weight_decay: 0.0001
)
Trainer Initialization Finished.
Epoch 1
Train loss: 0.6919580698013306, train accuracy: 0.5546875
Validating:
Validate loss: 0.6610383987426758, validate accuracy: 0.654, ensemble accuracy: 0.8, F1: 0.0.
Epoch 2
Train loss: 0.6951306462287903, train accuracy: 0.546875
Validating:
Validate loss: 0.6670213341712952, validate accuracy: 0.646, ensemble accuracy: 0.8, F1: 0.0.
Epoch 3
Train loss: 0.6984026432037354, train accuracy: 0.5390625
Validating:
Validate loss: 0.6699437499046326, validate accuracy: 0.642, ensemble accuracy: 0.8, F1: 0.0.
Epoch 4
Train loss: 0.69744873046875, train accuracy: 0.5625
Validating:
Validate loss: 0.6763993501663208, validate accuracy: 0.632, ensemble accuracy: 0.8, F1: 0.0.
Epoch 5
Train loss: 0.6787445545196533, train accuracy: 0.5390625
Validating:
Validate loss: 0.6823112964630127, validate accuracy: 0.618, ensemble accuracy: 0.6, F1: 0.0.
Epoch 6
Train loss: 0.6725092530250549, train accuracy: 0.59375
Validating:
Validate loss: 0.6879166960716248, validate accuracy: 0.59, ensemble accuracy: 0.6, F1: 0.0.
Epoch 7
Train loss: 0.6736794710159302, train accuracy: 0.59375
Validating:
Validate loss: 0.6910979747772217, validate accuracy: 0.586, ensemble accuracy: 0.4, F1: 0.0.
Epoch 8
Train loss: 0.6888628005981445, train accuracy: 0.5390625
Validating:
Validate loss: 0.6966632604598999, validate accuracy: 0.576, ensemble accuracy: 0.4, F1: 0.0.
Epoch 9
Train loss: 0.6800119280815125, train accuracy: 0.5859375
Validating:
Validate loss: 0.6968640089035034, validate accuracy: 0.572, ensemble accuracy: 0.4, F1: 0.0.
Epoch 10
Train loss: 0.6880369186401367, train accuracy: 0.515625
Validating:
Validate loss: 0.7050187587738037, validate accuracy: 0.548, ensemble accuracy: 0.4, F1: 0.0.
Epoch 11
Train loss: 0.6529926657676697, train accuracy: 0.6171875
Validating:
Validate loss: 0.7104713320732117, validate accuracy: 0.544, ensemble accuracy: 0.4, F1: 0.0.
Epoch 12
Train loss: 0.6765758991241455, train accuracy: 0.609375
Validating:
Validate loss: 0.710777223110199, validate accuracy: 0.546, ensemble accuracy: 0.4, F1: 0.0.
Epoch 13
Train loss: 0.6679465770721436, train accuracy: 0.578125
Validating:
Validate loss: 0.7112888693809509, validate accuracy: 0.538, ensemble accuracy: 0.4, F1: 0.0.
Epoch 14
Train loss: 0.6605735421180725, train accuracy: 0.578125
Validating:
Validate loss: 0.7148159146308899, validate accuracy: 0.536, ensemble accuracy: 0.4, F1: 0.0.
Epoch 15
Train loss: 0.645430326461792, train accuracy: 0.609375
Validating:
Validate loss: 0.7162632346153259, validate accuracy: 0.532, ensemble accuracy: 0.4, F1: 0.0.
Epoch 16
Train loss: 0.6655545234680176, train accuracy: 0.59375
Validating:
Validate loss: 0.722878098487854, validate accuracy: 0.53, ensemble accuracy: 0.4, F1: 0.0.
Epoch 17
Train loss: 0.6835135817527771, train accuracy: 0.5546875
Validating:
Validate loss: 0.7260866165161133, validate accuracy: 0.528, ensemble accuracy: 0.4, F1: 0.0.
Epoch 18
Train loss: 0.6414014101028442, train accuracy: 0.703125
Validating:
Validate loss: 0.7264090776443481, validate accuracy: 0.52, ensemble accuracy: 0.4, F1: 0.0.
Epoch 19
Train loss: 0.6587445735931396, train accuracy: 0.59375
Validating:
Validate loss: 0.7218652963638306, validate accuracy: 0.528, ensemble accuracy: 0.4, F1: 0.0.
Epoch 20
Train loss: 0.6923336982727051, train accuracy: 0.515625
Validating:
Validate loss: 0.723739743232727, validate accuracy: 0.53, ensemble accuracy: 0.4, F1: 0.0.
Training Finished.
############ Fold 4 Network accuracy: 0.4
In RawEEG: shape=(4800, 3, 210)
###################### Fold 5 ######################
Use CUDA
log location: logs
Optimizer configuration:
AdamW (
Parameter Group 0
    amsgrad: False
    betas: (0.9, 0.999)
    capturable: False
    differentiable: False
    eps: 1e-08
    foreach: None
    fused: None
    lr: 0.0001
    maximize: False
    weight_decay: 0.0001
)
Trainer Initialization Finished.
Epoch 1
Train loss: 0.7077800631523132, train accuracy: 0.5078125
Validating:
Validate loss: 0.6920334696769714, validate accuracy: 0.526, ensemble accuracy: 0.8, F1: 0.8.
Epoch 2
Train loss: 0.6948245763778687, train accuracy: 0.53125
Validating:
Validate loss: 0.6847348213195801, validate accuracy: 0.552, ensemble accuracy: 0.8, F1: 0.8571428571428571.
Epoch 3
Train loss: 0.6982254385948181, train accuracy: 0.5234375
Validating:
Validate loss: 0.6827813386917114, validate accuracy: 0.55, ensemble accuracy: 0.8, F1: 0.8571428571428571.
Epoch 4
Train loss: 0.6764838695526123, train accuracy: 0.5625
Validating:
Validate loss: 0.682218611240387, validate accuracy: 0.55, ensemble accuracy: 0.8, F1: 0.8571428571428571.
Epoch 5
Train loss: 0.6945256590843201, train accuracy: 0.53125
Validating:
Validate loss: 0.6812658905982971, validate accuracy: 0.548, ensemble accuracy: 0.8, F1: 0.8571428571428571.
Epoch 6
Train loss: 0.6695820689201355, train accuracy: 0.6328125
Validating:
Validate loss: 0.6811908483505249, validate accuracy: 0.56, ensemble accuracy: 0.6, F1: 0.6666666666666666.
Epoch 7
Train loss: 0.7006824612617493, train accuracy: 0.484375
Validating:
Validate loss: 0.6811150312423706, validate accuracy: 0.556, ensemble accuracy: 0.6, F1: 0.6666666666666666.
Epoch 8
Train loss: 0.6749914288520813, train accuracy: 0.5390625
Validating:
Validate loss: 0.6795883774757385, validate accuracy: 0.582, ensemble accuracy: 0.6, F1: 0.6666666666666666.
Epoch 9
Train loss: 0.6644659638404846, train accuracy: 0.65625
Validating:
Validate loss: 0.6806062459945679, validate accuracy: 0.584, ensemble accuracy: 0.6, F1: 0.6666666666666666.
Epoch 10
Train loss: 0.6734635829925537, train accuracy: 0.578125
Validating:
Validate loss: 0.6783421039581299, validate accuracy: 0.584, ensemble accuracy: 0.6, F1: 0.6666666666666666.
Epoch 11
Train loss: 0.6677480936050415, train accuracy: 0.609375
Validating:
Validate loss: 0.6805139183998108, validate accuracy: 0.59, ensemble accuracy: 0.6, F1: 0.6666666666666666.
Epoch 12
Train loss: 0.6860796809196472, train accuracy: 0.6015625
Validating:
Validate loss: 0.679599940776825, validate accuracy: 0.584, ensemble accuracy: 0.6, F1: 0.6666666666666666.
Epoch 13
Train loss: 0.6733702421188354, train accuracy: 0.609375
Validating:
Validate loss: 0.680655837059021, validate accuracy: 0.598, ensemble accuracy: 0.6, F1: 0.6666666666666666.
Epoch 14
Train loss: 0.6834233999252319, train accuracy: 0.484375
Validating:
Validate loss: 0.681251585483551, validate accuracy: 0.59, ensemble accuracy: 0.6, F1: 0.6666666666666666.
Epoch 15
Train loss: 0.6916501522064209, train accuracy: 0.5
Validating:
Validate loss: 0.6819644570350647, validate accuracy: 0.592, ensemble accuracy: 0.6, F1: 0.6666666666666666.
Epoch 16
Train loss: 0.668498694896698, train accuracy: 0.578125
Validating:
Validate loss: 0.6812440156936646, validate accuracy: 0.594, ensemble accuracy: 0.6, F1: 0.6666666666666666.
Epoch 17
Train loss: 0.674077570438385, train accuracy: 0.5390625
Validating:
Validate loss: 0.6796055436134338, validate accuracy: 0.598, ensemble accuracy: 0.6, F1: 0.6666666666666666.
Epoch 18
Train loss: 0.6755663752555847, train accuracy: 0.578125
Validating:
Validate loss: 0.6812788248062134, validate accuracy: 0.598, ensemble accuracy: 0.6, F1: 0.6666666666666666.
Epoch 19
Train loss: 0.6787908673286438, train accuracy: 0.515625
Validating:
Validate loss: 0.6822925209999084, validate accuracy: 0.592, ensemble accuracy: 0.6, F1: 0.6666666666666666.
Epoch 20
Train loss: 0.6699280142784119, train accuracy: 0.6328125
Validating:
Validate loss: 0.6826111078262329, validate accuracy: 0.59, ensemble accuracy: 0.6, F1: 0.6666666666666666.
Training Finished.
############ Fold 5 Network accuracy: 0.6
In RawEEG: shape=(4800, 3, 210)
###################### Fold 6 ######################
Use CUDA
log location: logs
Optimizer configuration:
AdamW (
Parameter Group 0
    amsgrad: False
    betas: (0.9, 0.999)
    capturable: False
    differentiable: False
    eps: 1e-08
    foreach: None
    fused: None
    lr: 0.0001
    maximize: False
    weight_decay: 0.0001
)
Trainer Initialization Finished.
Epoch 1
Train loss: 0.7017743587493896, train accuracy: 0.4609375
Validating:
Validate loss: 0.7014874815940857, validate accuracy: 0.45, ensemble accuracy: 0.4, F1: 0.5714285714285714.
Epoch 2
Train loss: 0.6763389110565186, train accuracy: 0.5390625
Validating:
Validate loss: 0.6972761750221252, validate accuracy: 0.468, ensemble accuracy: 0.4, F1: 0.5714285714285714.
Epoch 3
Train loss: 0.6828657984733582, train accuracy: 0.5390625
Validating:
Validate loss: 0.6961052417755127, validate accuracy: 0.478, ensemble accuracy: 0.4, F1: 0.5714285714285714.
Epoch 4
Train loss: 0.694847047328949, train accuracy: 0.5
Validating:
Validate loss: 0.6922457218170166, validate accuracy: 0.482, ensemble accuracy: 0.4, F1: 0.5714285714285714.
Epoch 5
Train loss: 0.6851396560668945, train accuracy: 0.546875
Validating:
Validate loss: 0.6896233558654785, validate accuracy: 0.514, ensemble accuracy: 0.6, F1: 0.6666666666666666.
Epoch 6
Train loss: 0.6613446474075317, train accuracy: 0.5859375
Validating:
Validate loss: 0.6885274648666382, validate accuracy: 0.524, ensemble accuracy: 0.6, F1: 0.6666666666666666.
Epoch 7
Train loss: 0.6857471466064453, train accuracy: 0.59375
Validating:
Validate loss: 0.6862727999687195, validate accuracy: 0.53, ensemble accuracy: 0.6, F1: 0.6666666666666666.
Epoch 8
Train loss: 0.6628400683403015, train accuracy: 0.5546875
Validating:
Validate loss: 0.6849395632743835, validate accuracy: 0.54, ensemble accuracy: 0.6, F1: 0.6666666666666666.
Epoch 9
Train loss: 0.7132798433303833, train accuracy: 0.4140625
Validating:
Validate loss: 0.684202253818512, validate accuracy: 0.548, ensemble accuracy: 0.6, F1: 0.6666666666666666.
Epoch 10
Train loss: 0.6667641401290894, train accuracy: 0.6171875
Validating:
Validate loss: 0.6843971014022827, validate accuracy: 0.552, ensemble accuracy: 0.6, F1: 0.6666666666666666.
Epoch 11
Train loss: 0.6854764819145203, train accuracy: 0.5546875
Validating:
Validate loss: 0.6820318102836609, validate accuracy: 0.56, ensemble accuracy: 0.6, F1: 0.6666666666666666.
Epoch 12
Train loss: 0.6793138980865479, train accuracy: 0.5546875
Validating:
Validate loss: 0.6812562942504883, validate accuracy: 0.578, ensemble accuracy: 0.6, F1: 0.6666666666666666.
Epoch 13
Train loss: 0.649192214012146, train accuracy: 0.625
Validating:
Validate loss: 0.6815528869628906, validate accuracy: 0.554, ensemble accuracy: 0.6, F1: 0.6666666666666666.
Epoch 14
Train loss: 0.6799721717834473, train accuracy: 0.5703125
Validating:
Validate loss: 0.6808940768241882, validate accuracy: 0.57, ensemble accuracy: 0.6, F1: 0.6666666666666666.
Epoch 15
Train loss: 0.6462742686271667, train accuracy: 0.6171875
Validating:
Validate loss: 0.6798719763755798, validate accuracy: 0.576, ensemble accuracy: 0.6, F1: 0.6666666666666666.
Epoch 16
Train loss: 0.6622204780578613, train accuracy: 0.609375
Validating:
Validate loss: 0.6799007058143616, validate accuracy: 0.562, ensemble accuracy: 0.6, F1: 0.6666666666666666.
Epoch 17
Train loss: 0.6698347330093384, train accuracy: 0.5234375
Validating:
Validate loss: 0.6797702312469482, validate accuracy: 0.566, ensemble accuracy: 0.6, F1: 0.6666666666666666.
Epoch 18
Train loss: 0.6477566957473755, train accuracy: 0.671875
Validating:
Validate loss: 0.6796008944511414, validate accuracy: 0.576, ensemble accuracy: 0.6, F1: 0.6666666666666666.
Epoch 19
Train loss: 0.6650595664978027, train accuracy: 0.5625
Validating:
Validate loss: 0.6787689328193665, validate accuracy: 0.578, ensemble accuracy: 0.6, F1: 0.6666666666666666.
Epoch 20
Train loss: 0.6790168881416321, train accuracy: 0.6171875
Validating:
Validate loss: 0.6791408658027649, validate accuracy: 0.574, ensemble accuracy: 0.6, F1: 0.6666666666666666.
Training Finished.
############ Fold 6 Network accuracy: 0.6
In RawEEG: shape=(4800, 3, 210)
###################### Fold 7 ######################
Use CUDA
log location: logs
Optimizer configuration:
AdamW (
Parameter Group 0
    amsgrad: False
    betas: (0.9, 0.999)
    capturable: False
    differentiable: False
    eps: 1e-08
    foreach: None
    fused: None
    lr: 0.0001
    maximize: False
    weight_decay: 0.0001
)
Trainer Initialization Finished.
Epoch 1
Train loss: 0.6973931193351746, train accuracy: 0.5
Validating:
Validate loss: 0.6903064846992493, validate accuracy: 0.532, ensemble accuracy: 0.6, F1: 0.0.
Epoch 2
Train loss: 0.6813444495201111, train accuracy: 0.53125
Validating:
Validate loss: 0.694861114025116, validate accuracy: 0.536, ensemble accuracy: 0.6, F1: 0.0.
Epoch 3
Train loss: 0.6638398766517639, train accuracy: 0.65625
Validating:
Validate loss: 0.6999519467353821, validate accuracy: 0.512, ensemble accuracy: 0.6, F1: 0.0.
Epoch 4
Train loss: 0.6952570080757141, train accuracy: 0.46875
Validating:
Validate loss: 0.6997261047363281, validate accuracy: 0.526, ensemble accuracy: 0.6, F1: 0.0.
Epoch 5
Train loss: 0.6829752326011658, train accuracy: 0.5390625
Validating:
Validate loss: 0.7031626105308533, validate accuracy: 0.524, ensemble accuracy: 0.6, F1: 0.0.
Epoch 6
Train loss: 0.6958904266357422, train accuracy: 0.515625
Validating:
Validate loss: 0.7067292928695679, validate accuracy: 0.542, ensemble accuracy: 0.6, F1: 0.0.
Epoch 7
Train loss: 0.678378701210022, train accuracy: 0.5625
Validating:
Validate loss: 0.7107812762260437, validate accuracy: 0.514, ensemble accuracy: 0.6, F1: 0.0.
Epoch 8
Train loss: 0.6804223656654358, train accuracy: 0.625
Validating:
Validate loss: 0.7095058560371399, validate accuracy: 0.536, ensemble accuracy: 0.6, F1: 0.0.
Epoch 9
Train loss: 0.6660678386688232, train accuracy: 0.5390625
Validating:
Validate loss: 0.7141873240470886, validate accuracy: 0.524, ensemble accuracy: 0.6, F1: 0.0.
Epoch 10
Train loss: 0.6796144843101501, train accuracy: 0.546875
Validating:
Validate loss: 0.7160595059394836, validate accuracy: 0.532, ensemble accuracy: 0.6, F1: 0.0.
Epoch 11
Train loss: 0.6820940971374512, train accuracy: 0.578125
Validating:
Validate loss: 0.717156708240509, validate accuracy: 0.528, ensemble accuracy: 0.6, F1: 0.0.
Epoch 12
Train loss: 0.6670695543289185, train accuracy: 0.5703125
Validating:
Validate loss: 0.720527172088623, validate accuracy: 0.526, ensemble accuracy: 0.6, F1: 0.0.
Epoch 13
Train loss: 0.6884957551956177, train accuracy: 0.546875
Validating:
Validate loss: 0.7216395735740662, validate accuracy: 0.53, ensemble accuracy: 0.6, F1: 0.0.
Epoch 14
Train loss: 0.6626115441322327, train accuracy: 0.6015625
Validating:
Validate loss: 0.7219655513763428, validate accuracy: 0.538, ensemble accuracy: 0.6, F1: 0.0.
Epoch 15
Train loss: 0.6652219295501709, train accuracy: 0.6015625
Validating:
Validate loss: 0.7243822813034058, validate accuracy: 0.532, ensemble accuracy: 0.6, F1: 0.0.
Epoch 16
Train loss: 0.6588395237922668, train accuracy: 0.6015625
Validating:
Validate loss: 0.7258913516998291, validate accuracy: 0.532, ensemble accuracy: 0.6, F1: 0.0.
Epoch 17
Train loss: 0.6700361967086792, train accuracy: 0.609375
Validating:
Validate loss: 0.724280059337616, validate accuracy: 0.53, ensemble accuracy: 0.6, F1: 0.0.
Epoch 18
Train loss: 0.6769559979438782, train accuracy: 0.59375
Validating:
Validate loss: 0.7265098094940186, validate accuracy: 0.526, ensemble accuracy: 0.6, F1: 0.0.
Epoch 19
Train loss: 0.6694162487983704, train accuracy: 0.5703125
Validating:
Validate loss: 0.724068820476532, validate accuracy: 0.54, ensemble accuracy: 0.6, F1: 0.0.
Epoch 20
Train loss: 0.6773183941841125, train accuracy: 0.5546875
Validating:
Validate loss: 0.7257017493247986, validate accuracy: 0.536, ensemble accuracy: 0.6, F1: 0.0.
Training Finished.
############ Fold 7 Network accuracy: 0.6
In RawEEG: shape=(4800, 3, 210)
###################### Fold 8 ######################
Use CUDA
log location: logs
Optimizer configuration:
AdamW (
Parameter Group 0
    amsgrad: False
    betas: (0.9, 0.999)
    capturable: False
    differentiable: False
    eps: 1e-08
    foreach: None
    fused: None
    lr: 0.0001
    maximize: False
    weight_decay: 0.0001
)
Trainer Initialization Finished.
Epoch 1
Train loss: 0.7059255838394165, train accuracy: 0.4375
Validating:
Validate loss: 0.7009931206703186, validate accuracy: 0.516, ensemble accuracy: 0.6, F1: 0.6666666666666666.
Epoch 2
Train loss: 0.6958725452423096, train accuracy: 0.5078125
Validating:
Validate loss: 0.6974116563796997, validate accuracy: 0.53, ensemble accuracy: 0.4, F1: 0.4.
Epoch 3
Train loss: 0.6949783563613892, train accuracy: 0.515625
Validating:
Validate loss: 0.693239152431488, validate accuracy: 0.538, ensemble accuracy: 0.4, F1: 0.4.
Epoch 4
Train loss: 0.6930500268936157, train accuracy: 0.453125
Validating:
Validate loss: 0.6924871206283569, validate accuracy: 0.53, ensemble accuracy: 0.4, F1: 0.4.
Epoch 5
Train loss: 0.695727527141571, train accuracy: 0.4609375
Validating:
Validate loss: 0.690601646900177, validate accuracy: 0.53, ensemble accuracy: 0.4, F1: 0.4.
Epoch 6
Train loss: 0.7096187472343445, train accuracy: 0.4921875
Validating:
Validate loss: 0.6897581815719604, validate accuracy: 0.544, ensemble accuracy: 0.4, F1: 0.4.
Epoch 7
Train loss: 0.6838136315345764, train accuracy: 0.4921875
Validating:
Validate loss: 0.68961501121521, validate accuracy: 0.54, ensemble accuracy: 0.6, F1: 0.5.
Epoch 8
Train loss: 0.6846758723258972, train accuracy: 0.546875
Validating:
Validate loss: 0.6893177628517151, validate accuracy: 0.53, ensemble accuracy: 0.6, F1: 0.5.
Epoch 9
Train loss: 0.6902751326560974, train accuracy: 0.53125
Validating:
Validate loss: 0.6887940168380737, validate accuracy: 0.524, ensemble accuracy: 0.6, F1: 0.5.
Epoch 10
Train loss: 0.6970869898796082, train accuracy: 0.5
Validating:
Validate loss: 0.6875857710838318, validate accuracy: 0.518, ensemble accuracy: 0.6, F1: 0.5.
Epoch 11
Train loss: 0.6736271977424622, train accuracy: 0.578125
Validating:
Validate loss: 0.6873010396957397, validate accuracy: 0.526, ensemble accuracy: 0.6, F1: 0.5.
Epoch 12
Train loss: 0.6468937397003174, train accuracy: 0.7109375
Validating:
Validate loss: 0.6869144439697266, validate accuracy: 0.524, ensemble accuracy: 0.6, F1: 0.5.
Epoch 13
Train loss: 0.6637132167816162, train accuracy: 0.6484375
Validating:
Validate loss: 0.6880258321762085, validate accuracy: 0.52, ensemble accuracy: 0.6, F1: 0.5.
Epoch 14
Train loss: 0.6673129200935364, train accuracy: 0.6015625
Validating:
Validate loss: 0.689138650894165, validate accuracy: 0.518, ensemble accuracy: 0.6, F1: 0.5.
Epoch 15
Train loss: 0.6631684303283691, train accuracy: 0.625
Validating:
Validate loss: 0.6879287958145142, validate accuracy: 0.518, ensemble accuracy: 0.6, F1: 0.5.
Epoch 16
Train loss: 0.667188286781311, train accuracy: 0.5625
Validating:
Validate loss: 0.687869131565094, validate accuracy: 0.526, ensemble accuracy: 0.6, F1: 0.5.
Epoch 17
Train loss: 0.6596412062644958, train accuracy: 0.6015625
Validating:
Validate loss: 0.6882398724555969, validate accuracy: 0.52, ensemble accuracy: 0.6, F1: 0.5.
Epoch 18
Train loss: 0.6923412084579468, train accuracy: 0.546875
Validating:
Validate loss: 0.6901271343231201, validate accuracy: 0.516, ensemble accuracy: 0.6, F1: 0.5.
Epoch 19
Train loss: 0.668708086013794, train accuracy: 0.5859375
Validating:
Validate loss: 0.6909549236297607, validate accuracy: 0.518, ensemble accuracy: 0.6, F1: 0.5.
Epoch 20
Train loss: 0.6802810430526733, train accuracy: 0.5703125
Validating:
Validate loss: 0.6904358267784119, validate accuracy: 0.52, ensemble accuracy: 0.6, F1: 0.5.
Training Finished.
############ Fold 8 Network accuracy: 0.6
In RawEEG: shape=(4800, 3, 210)
###################### Fold 9 ######################
Use CUDA
log location: logs
Optimizer configuration:
AdamW (
Parameter Group 0
    amsgrad: False
    betas: (0.9, 0.999)
    capturable: False
    differentiable: False
    eps: 1e-08
    foreach: None
    fused: None
    lr: 0.0001
    maximize: False
    weight_decay: 0.0001
)
Trainer Initialization Finished.
Epoch 1
Train loss: 0.713886022567749, train accuracy: 0.4765625
Validating:
Validate loss: 0.6771080493927002, validate accuracy: 0.57, ensemble accuracy: 0.8, F1: 0.8888888888888888.
Epoch 2
Train loss: 0.6929208040237427, train accuracy: 0.515625
Validating:
Validate loss: 0.6842806339263916, validate accuracy: 0.566, ensemble accuracy: 0.8, F1: 0.8888888888888888.
Epoch 3
Train loss: 0.702111005783081, train accuracy: 0.5078125
Validating:
Validate loss: 0.6866345405578613, validate accuracy: 0.544, ensemble accuracy: 0.6, F1: 0.75.
Epoch 4
Train loss: 0.6726466417312622, train accuracy: 0.59375
Validating:
Validate loss: 0.694484531879425, validate accuracy: 0.5, ensemble accuracy: 0.2, F1: 0.3333333333333333.
Epoch 5
Train loss: 0.6809946894645691, train accuracy: 0.59375
Validating:
Validate loss: 0.6996108293533325, validate accuracy: 0.474, ensemble accuracy: 0.4, F1: 0.4.
Epoch 6
Train loss: 0.6498552560806274, train accuracy: 0.6484375
Validating:
Validate loss: 0.7029043436050415, validate accuracy: 0.446, ensemble accuracy: 0.4, F1: 0.4.
Epoch 7
Train loss: 0.6826156973838806, train accuracy: 0.546875
Validating:
Validate loss: 0.706153929233551, validate accuracy: 0.434, ensemble accuracy: 0.4, F1: 0.4.
Epoch 8
Train loss: 0.6844196915626526, train accuracy: 0.546875
Validating:
Validate loss: 0.7124438285827637, validate accuracy: 0.41, ensemble accuracy: 0.4, F1: 0.4.
Epoch 9
Train loss: 0.6812041401863098, train accuracy: 0.515625
Validating:
Validate loss: 0.7145164012908936, validate accuracy: 0.408, ensemble accuracy: 0.4, F1: 0.4.
Epoch 10
Train loss: 0.6839864253997803, train accuracy: 0.5234375
Validating:
Validate loss: 0.719917356967926, validate accuracy: 0.406, ensemble accuracy: 0.4, F1: 0.4.
Epoch 11
Train loss: 0.6656790375709534, train accuracy: 0.578125
Validating:
Validate loss: 0.718407392501831, validate accuracy: 0.408, ensemble accuracy: 0.4, F1: 0.4.
Epoch 12
Train loss: 0.6721189618110657, train accuracy: 0.5703125
Validating:
Validate loss: 0.725500226020813, validate accuracy: 0.402, ensemble accuracy: 0.2, F1: 0.0.
Epoch 13
Train loss: 0.6768947243690491, train accuracy: 0.5859375
Validating:
Validate loss: 0.7266510128974915, validate accuracy: 0.402, ensemble accuracy: 0.4, F1: 0.4.
Epoch 14
Train loss: 0.6510875821113586, train accuracy: 0.59375
Validating:
Validate loss: 0.7299590110778809, validate accuracy: 0.39, ensemble accuracy: 0.2, F1: 0.0.
Epoch 15
Train loss: 0.6526502370834351, train accuracy: 0.6328125
Validating:
Validate loss: 0.7335051894187927, validate accuracy: 0.38, ensemble accuracy: 0.2, F1: 0.0.
Epoch 16
Train loss: 0.6744824051856995, train accuracy: 0.578125
Validating:
Validate loss: 0.7360140681266785, validate accuracy: 0.374, ensemble accuracy: 0.2, F1: 0.0.
Epoch 17
Train loss: 0.6599189043045044, train accuracy: 0.6328125
Validating:
Validate loss: 0.736283540725708, validate accuracy: 0.376, ensemble accuracy: 0.2, F1: 0.0.
Epoch 18
Train loss: 0.6490142345428467, train accuracy: 0.6484375
Validating:
Validate loss: 0.7392236590385437, validate accuracy: 0.368, ensemble accuracy: 0.2, F1: 0.0.
Epoch 19
Train loss: 0.6811937093734741, train accuracy: 0.6171875
Validating:
Validate loss: 0.7385193109512329, validate accuracy: 0.376, ensemble accuracy: 0.2, F1: 0.0.
Epoch 20
Train loss: 0.6525562405586243, train accuracy: 0.6484375
Validating:
Validate loss: 0.7421935200691223, validate accuracy: 0.374, ensemble accuracy: 0.2, F1: 0.0.
Training Finished.
############ Fold 9 Network accuracy: 0.2
In RawEEG: shape=(4500, 3, 210)
###################### Fold 10 ######################
Use CUDA
log location: logs
Optimizer configuration:
AdamW (
Parameter Group 0
    amsgrad: False
    betas: (0.9, 0.999)
    capturable: False
    differentiable: False
    eps: 1e-08
    foreach: None
    fused: None
    lr: 0.0001
    maximize: False
    weight_decay: 0.0001
)
Trainer Initialization Finished.
Epoch 1
Train loss: 0.7057390809059143, train accuracy: 0.4765625
Validating:
Validate loss: 0.7224963712692261, validate accuracy: 0.53125, ensemble accuracy: 0.625, F1: 0.0.
Epoch 2
Train loss: 0.6983349323272705, train accuracy: 0.5234375
Validating:
Validate loss: 0.7159552550315857, validate accuracy: 0.52875, ensemble accuracy: 0.625, F1: 0.0.
Epoch 3
Train loss: 0.7094026803970337, train accuracy: 0.4453125
Validating:
Validate loss: 0.7117163443565369, validate accuracy: 0.525, ensemble accuracy: 0.625, F1: 0.0.
Epoch 4
Train loss: 0.6972218751907349, train accuracy: 0.4765625
Validating:
Validate loss: 0.7097210478782654, validate accuracy: 0.5225, ensemble accuracy: 0.625, F1: 0.0.
Epoch 5
Train loss: 0.691780686378479, train accuracy: 0.5
Validating:
Validate loss: 0.707315719127655, validate accuracy: 0.5225, ensemble accuracy: 0.5, F1: 0.0.
Epoch 6
Train loss: 0.6914675235748291, train accuracy: 0.5546875
Validating:
Validate loss: 0.7058424830436707, validate accuracy: 0.5325, ensemble accuracy: 0.5, F1: 0.0.
Epoch 7
Train loss: 0.6909462809562683, train accuracy: 0.5625
Validating:
Validate loss: 0.7035600519180298, validate accuracy: 0.54625, ensemble accuracy: 0.5, F1: 0.0.
Epoch 8
Train loss: 0.6744221448898315, train accuracy: 0.65625
Validating:
Validate loss: 0.7018897891044616, validate accuracy: 0.555, ensemble accuracy: 0.625, F1: 0.4.
Epoch 9
Train loss: 0.6850926876068115, train accuracy: 0.578125
Validating:
Validate loss: 0.7015181255340576, validate accuracy: 0.5475, ensemble accuracy: 0.625, F1: 0.4.
Epoch 10
Train loss: 0.6951911449432373, train accuracy: 0.546875
Validating:
Validate loss: 0.699237630367279, validate accuracy: 0.55, ensemble accuracy: 0.625, F1: 0.4.
Epoch 11
Train loss: 0.6790504455566406, train accuracy: 0.5859375
Validating:
Validate loss: 0.6987702536582947, validate accuracy: 0.5525, ensemble accuracy: 0.625, F1: 0.4.
Epoch 12
Train loss: 0.6850125193595886, train accuracy: 0.53125
Validating:
Validate loss: 0.698226227760315, validate accuracy: 0.5425, ensemble accuracy: 0.625, F1: 0.4.
Epoch 13
Train loss: 0.6869820356369019, train accuracy: 0.5390625
Validating:
Validate loss: 0.6977567625045776, validate accuracy: 0.5425, ensemble accuracy: 0.75, F1: 0.6666666666666666.
Epoch 14
Train loss: 0.6780948638916016, train accuracy: 0.5859375
Validating:
Validate loss: 0.6967328310012817, validate accuracy: 0.545, ensemble accuracy: 0.75, F1: 0.6666666666666666.
Epoch 15
Train loss: 0.6796671748161316, train accuracy: 0.53125
Validating:
Validate loss: 0.694812536239624, validate accuracy: 0.5575, ensemble accuracy: 0.75, F1: 0.6666666666666666.
Epoch 16
Train loss: 0.6870798468589783, train accuracy: 0.5859375
Validating:
Validate loss: 0.6948463702201844, validate accuracy: 0.55625, ensemble accuracy: 0.75, F1: 0.6666666666666666.
Epoch 17
Train loss: 0.6888397336006165, train accuracy: 0.578125
Validating:
Validate loss: 0.6942987322807312, validate accuracy: 0.55, ensemble accuracy: 0.75, F1: 0.6666666666666666.
Epoch 18
Train loss: 0.6583579778671265, train accuracy: 0.609375
Validating:
Validate loss: 0.6940215468406677, validate accuracy: 0.55375, ensemble accuracy: 0.75, F1: 0.6666666666666666.
Epoch 19
Train loss: 0.6907298564910889, train accuracy: 0.5546875
Validating:
Validate loss: 0.6935133099555969, validate accuracy: 0.56375, ensemble accuracy: 0.75, F1: 0.6666666666666666.
Epoch 20
Train loss: 0.7064604163169861, train accuracy: 0.53125
Validating:
Validate loss: 0.6925402069091797, validate accuracy: 0.56375, ensemble accuracy: 0.75, F1: 0.6666666666666666.
Training Finished.
############ Fold 10 Network accuracy: 0.75
[0.6  0.6  0.4  0.4  0.6  0.6  0.6  0.6  0.2  0.75]
Average accuracy: 0.535
Full record:
[{'accuracy': 0.6, 'precision': 0.0, 'recall': 0.0, 'f1': 0.0}, {'accuracy': 0.6, 'precision': 1.0, 'recall': 0.3333333333333333, 'f1': 0.5}, {'accuracy': 0.4, 'precision': 0.5, 'recall': 0.6666666666666666, 'f1': 0.5714285714285714}, {'accuracy': 0.4, 'precision': 0.0, 'recall': 0.0, 'f1': 0.0}, {'accuracy': 0.6, 'precision': 0.6666666666666666, 'recall': 0.6666666666666666, 'f1': 0.6666666666666666}, {'accuracy': 0.6, 'precision': 0.5, 'recall': 1.0, 'f1': 0.6666666666666666}, {'accuracy': 0.6, 'precision': 0.0, 'recall': 0.0, 'f1': 0.0}, {'accuracy': 0.6, 'precision': 1.0, 'recall': 0.3333333333333333, 'f1': 0.5}, {'accuracy': 0.2, 'precision': 0.0, 'recall': 0.0, 'f1': 0.0}, {'accuracy': 0.75, 'precision': 0.6666666666666666, 'recall': 0.6666666666666666, 'f1': 0.6666666666666666}]
Confusion Matrices:
[array([[3, 0],
       [2, 0]]), array([[2, 0],
       [2, 1]]), array([[0, 2],
       [1, 2]]), array([[2, 2],
       [1, 0]]), array([[1, 1],
       [1, 2]]), array([[1, 2],
       [0, 2]]), array([[3, 2],
       [0, 0]]), array([[2, 0],
       [2, 1]]), array([[1, 0],
       [4, 0]]), array([[4, 1],
       [1, 2]])]
!!!!!!!!!! subband on LSTM !!!!!!!!!!
Sub-frequency Bands Filtering ... 
In RawEEG: shape=(4800, 12, 105)
###################### Fold 1 ######################
Use CUDA
log location: logs
Optimizer configuration:
AdamW (
Parameter Group 0
    amsgrad: False
    betas: (0.9, 0.999)
    capturable: False
    differentiable: False
    eps: 1e-08
    foreach: None
    fused: None
    lr: 0.0001
    maximize: False
    weight_decay: 0.0001
)
Trainer Initialization Finished.
Epoch 1
Train loss: 0.7274391651153564, train accuracy: 0.4921875
Validating:
Validate loss: 0.7077254056930542, validate accuracy: 0.544, ensemble accuracy: 0.6, F1: 0.0.
Epoch 2
Train loss: 0.715258002281189, train accuracy: 0.5859375
Validating:
Validate loss: 0.7092159390449524, validate accuracy: 0.532, ensemble accuracy: 0.6, F1: 0.0.
Epoch 3
Train loss: 0.6996936798095703, train accuracy: 0.6171875
Validating:
Validate loss: 0.7049119472503662, validate accuracy: 0.542, ensemble accuracy: 0.6, F1: 0.0.
Epoch 4
Train loss: 0.7163453102111816, train accuracy: 0.5234375
Validating:
Validate loss: 0.7034287452697754, validate accuracy: 0.544, ensemble accuracy: 0.6, F1: 0.0.
Epoch 5
Train loss: 0.7051365375518799, train accuracy: 0.5078125
Validating:
Validate loss: 0.7021616101264954, validate accuracy: 0.55, ensemble accuracy: 0.6, F1: 0.0.
Epoch 6
Train loss: 0.7007304430007935, train accuracy: 0.5390625
Validating:
Validate loss: 0.6996617317199707, validate accuracy: 0.546, ensemble accuracy: 0.6, F1: 0.0.
Epoch 7
Train loss: 0.666502833366394, train accuracy: 0.640625
Validating:
Validate loss: 0.699190616607666, validate accuracy: 0.554, ensemble accuracy: 0.6, F1: 0.0.
Epoch 8
Train loss: 0.6598615050315857, train accuracy: 0.59375
Validating:
Validate loss: 0.6983093023300171, validate accuracy: 0.544, ensemble accuracy: 0.6, F1: 0.0.
Epoch 9
Train loss: 0.6981114149093628, train accuracy: 0.515625
Validating:
Validate loss: 0.6985158324241638, validate accuracy: 0.542, ensemble accuracy: 0.6, F1: 0.0.
Epoch 10
Train loss: 0.6596097350120544, train accuracy: 0.609375
Validating:
Validate loss: 0.6982148289680481, validate accuracy: 0.542, ensemble accuracy: 0.6, F1: 0.0.
Epoch 11
Train loss: 0.6856163144111633, train accuracy: 0.59375
Validating:
Validate loss: 0.6986846923828125, validate accuracy: 0.532, ensemble accuracy: 0.6, F1: 0.0.
Epoch 12
Train loss: 0.7014418840408325, train accuracy: 0.5390625
Validating:
Validate loss: 0.698743999004364, validate accuracy: 0.546, ensemble accuracy: 0.6, F1: 0.0.
Epoch 13
Train loss: 0.6651488542556763, train accuracy: 0.578125
Validating:
Validate loss: 0.6971632838249207, validate accuracy: 0.53, ensemble accuracy: 0.6, F1: 0.0.
Epoch 14
Train loss: 0.6703933477401733, train accuracy: 0.609375
Validating:
Validate loss: 0.6978432536125183, validate accuracy: 0.53, ensemble accuracy: 0.6, F1: 0.0.
Epoch 15
Train loss: 0.662755012512207, train accuracy: 0.609375
Validating:
Validate loss: 0.6982933878898621, validate accuracy: 0.534, ensemble accuracy: 0.6, F1: 0.0.
Epoch 16
Train loss: 0.6585807800292969, train accuracy: 0.6171875
Validating:
Validate loss: 0.6998976469039917, validate accuracy: 0.52, ensemble accuracy: 0.6, F1: 0.0.
Epoch 17
Train loss: 0.6639837026596069, train accuracy: 0.5703125
Validating:
Validate loss: 0.6983669996261597, validate accuracy: 0.532, ensemble accuracy: 0.6, F1: 0.0.
Epoch 18
Train loss: 0.6567253470420837, train accuracy: 0.625
Validating:
Validate loss: 0.6994534730911255, validate accuracy: 0.536, ensemble accuracy: 0.6, F1: 0.0.
Epoch 19
Train loss: 0.650674045085907, train accuracy: 0.6640625
Validating:
Validate loss: 0.7007521986961365, validate accuracy: 0.532, ensemble accuracy: 0.6, F1: 0.0.
Epoch 20
Train loss: 0.6645357608795166, train accuracy: 0.6484375
Validating:
Validate loss: 0.7004662156105042, validate accuracy: 0.532, ensemble accuracy: 0.6, F1: 0.0.
Training Finished.
############ Fold 1 Network accuracy: 0.6
In RawEEG: shape=(4800, 12, 105)
###################### Fold 2 ######################
Use CUDA
log location: logs
Optimizer configuration:
AdamW (
Parameter Group 0
    amsgrad: False
    betas: (0.9, 0.999)
    capturable: False
    differentiable: False
    eps: 1e-08
    foreach: None
    fused: None
    lr: 0.0001
    maximize: False
    weight_decay: 0.0001
)
Trainer Initialization Finished.
Epoch 1
Train loss: 0.738057017326355, train accuracy: 0.5234375
Validating:
Validate loss: 0.7076194286346436, validate accuracy: 0.48, ensemble accuracy: 0.6, F1: 0.5.
Epoch 2
Train loss: 0.6888391375541687, train accuracy: 0.609375
Validating:
Validate loss: 0.7119187712669373, validate accuracy: 0.484, ensemble accuracy: 0.6, F1: 0.5.
Epoch 3
Train loss: 0.7188844084739685, train accuracy: 0.4921875
Validating:
Validate loss: 0.7112996578216553, validate accuracy: 0.476, ensemble accuracy: 0.6, F1: 0.5.
Epoch 4
Train loss: 0.6661684513092041, train accuracy: 0.5703125
Validating:
Validate loss: 0.7101479768753052, validate accuracy: 0.48, ensemble accuracy: 0.6, F1: 0.5.
Epoch 5
Train loss: 0.7059069871902466, train accuracy: 0.5078125
Validating:
Validate loss: 0.7119554281234741, validate accuracy: 0.478, ensemble accuracy: 0.4, F1: 0.0.
Epoch 6
Train loss: 0.6851190328598022, train accuracy: 0.6171875
Validating:
Validate loss: 0.710882306098938, validate accuracy: 0.484, ensemble accuracy: 0.4, F1: 0.0.
Epoch 7
Train loss: 0.698569118976593, train accuracy: 0.5703125
Validating:
Validate loss: 0.7104405164718628, validate accuracy: 0.494, ensemble accuracy: 0.4, F1: 0.0.
Epoch 8
Train loss: 0.6844240427017212, train accuracy: 0.515625
Validating:
Validate loss: 0.7095315456390381, validate accuracy: 0.502, ensemble accuracy: 0.4, F1: 0.0.
Epoch 9
Train loss: 0.7044898867607117, train accuracy: 0.5234375
Validating:
Validate loss: 0.7091935276985168, validate accuracy: 0.502, ensemble accuracy: 0.4, F1: 0.0.
Epoch 10
Train loss: 0.6524574756622314, train accuracy: 0.65625
Validating:
Validate loss: 0.7090371251106262, validate accuracy: 0.504, ensemble accuracy: 0.4, F1: 0.0.
Epoch 11
Train loss: 0.6677095890045166, train accuracy: 0.6015625
Validating:
Validate loss: 0.7082446813583374, validate accuracy: 0.51, ensemble accuracy: 0.4, F1: 0.0.
Epoch 12
Train loss: 0.6648276448249817, train accuracy: 0.5703125
Validating:
Validate loss: 0.7041174173355103, validate accuracy: 0.52, ensemble accuracy: 0.6, F1: 0.5.
Epoch 13
Train loss: 0.646190881729126, train accuracy: 0.6328125
Validating:
Validate loss: 0.7096295356750488, validate accuracy: 0.5, ensemble accuracy: 0.4, F1: 0.0.
Epoch 14
Train loss: 0.6439444422721863, train accuracy: 0.65625
Validating:
Validate loss: 0.708448588848114, validate accuracy: 0.516, ensemble accuracy: 0.4, F1: 0.0.
Epoch 15
Train loss: 0.6991869211196899, train accuracy: 0.5859375
Validating:
Validate loss: 0.7099571228027344, validate accuracy: 0.512, ensemble accuracy: 0.4, F1: 0.0.
Epoch 16
Train loss: 0.65094393491745, train accuracy: 0.640625
Validating:
Validate loss: 0.7095741033554077, validate accuracy: 0.51, ensemble accuracy: 0.4, F1: 0.0.
Epoch 17
Train loss: 0.6481533646583557, train accuracy: 0.65625
Validating:
Validate loss: 0.7043397426605225, validate accuracy: 0.524, ensemble accuracy: 0.6, F1: 0.5.
Epoch 18
Train loss: 0.6221479177474976, train accuracy: 0.6640625
Validating:
Validate loss: 0.7055714726448059, validate accuracy: 0.512, ensemble accuracy: 0.6, F1: 0.5.
Epoch 19
Train loss: 0.6449611783027649, train accuracy: 0.6796875
Validating:
Validate loss: 0.7058762311935425, validate accuracy: 0.522, ensemble accuracy: 0.6, F1: 0.5.
Epoch 20
Train loss: 0.6362391710281372, train accuracy: 0.6484375
Validating:
Validate loss: 0.7081542611122131, validate accuracy: 0.514, ensemble accuracy: 0.4, F1: 0.0.
Training Finished.
############ Fold 2 Network accuracy: 0.4
In RawEEG: shape=(4800, 12, 105)
###################### Fold 3 ######################
Use CUDA
log location: logs
Optimizer configuration:
AdamW (
Parameter Group 0
    amsgrad: False
    betas: (0.9, 0.999)
    capturable: False
    differentiable: False
    eps: 1e-08
    foreach: None
    fused: None
    lr: 0.0001
    maximize: False
    weight_decay: 0.0001
)
Trainer Initialization Finished.
Epoch 1
Train loss: 0.7033955454826355, train accuracy: 0.515625
Validating:
Validate loss: 0.6982578635215759, validate accuracy: 0.598, ensemble accuracy: 0.8, F1: 0.8.
Epoch 2
Train loss: 0.6986352801322937, train accuracy: 0.5546875
Validating:
Validate loss: 0.7024170160293579, validate accuracy: 0.584, ensemble accuracy: 0.6, F1: 0.5.
Epoch 3
Train loss: 0.686259925365448, train accuracy: 0.5625
Validating:
Validate loss: 0.6959877014160156, validate accuracy: 0.548, ensemble accuracy: 0.8, F1: 0.8.
Epoch 4
Train loss: 0.6981174349784851, train accuracy: 0.5390625
Validating:
Validate loss: 0.692709743976593, validate accuracy: 0.578, ensemble accuracy: 0.8, F1: 0.8.
Epoch 5
Train loss: 0.6814930438995361, train accuracy: 0.5546875
Validating:
Validate loss: 0.6908847093582153, validate accuracy: 0.57, ensemble accuracy: 0.8, F1: 0.8.
Epoch 6
Train loss: 0.6867983341217041, train accuracy: 0.5859375
Validating:
Validate loss: 0.6862150430679321, validate accuracy: 0.574, ensemble accuracy: 0.8, F1: 0.8.
Epoch 7
Train loss: 0.6894545555114746, train accuracy: 0.5546875
Validating:
Validate loss: 0.6840661764144897, validate accuracy: 0.584, ensemble accuracy: 0.8, F1: 0.8.
Epoch 8
Train loss: 0.6821438074111938, train accuracy: 0.5234375
Validating:
Validate loss: 0.6810982823371887, validate accuracy: 0.582, ensemble accuracy: 0.8, F1: 0.8.
Epoch 9
Train loss: 0.6879965662956238, train accuracy: 0.5546875
Validating:
Validate loss: 0.6784341931343079, validate accuracy: 0.574, ensemble accuracy: 0.8, F1: 0.8.
Epoch 10
Train loss: 0.6841013431549072, train accuracy: 0.5546875
Validating:
Validate loss: 0.674528956413269, validate accuracy: 0.596, ensemble accuracy: 0.8, F1: 0.8.
Epoch 11
Train loss: 0.6909289360046387, train accuracy: 0.5390625
Validating:
Validate loss: 0.6725566983222961, validate accuracy: 0.6, ensemble accuracy: 0.8, F1: 0.8.
Epoch 12
Train loss: 0.6900764107704163, train accuracy: 0.5546875
Validating:
Validate loss: 0.6675679683685303, validate accuracy: 0.61, ensemble accuracy: 1.0, F1: 1.0.
Epoch 13
Train loss: 0.6681137084960938, train accuracy: 0.59375
Validating:
Validate loss: 0.6662212014198303, validate accuracy: 0.614, ensemble accuracy: 1.0, F1: 1.0.
Epoch 14
Train loss: 0.6542724967002869, train accuracy: 0.640625
Validating:
Validate loss: 0.6609442234039307, validate accuracy: 0.63, ensemble accuracy: 1.0, F1: 1.0.
Epoch 15
Train loss: 0.6718407869338989, train accuracy: 0.5703125
Validating:
Validate loss: 0.6591601371765137, validate accuracy: 0.652, ensemble accuracy: 1.0, F1: 1.0.
Epoch 16
Train loss: 0.6612192392349243, train accuracy: 0.65625
Validating:
Validate loss: 0.6578574180603027, validate accuracy: 0.652, ensemble accuracy: 1.0, F1: 1.0.
Epoch 17
Train loss: 0.6386827230453491, train accuracy: 0.7109375
Validating:
Validate loss: 0.6539297699928284, validate accuracy: 0.658, ensemble accuracy: 1.0, F1: 1.0.
Epoch 18
Train loss: 0.6502829790115356, train accuracy: 0.640625
Validating:
Validate loss: 0.6510443091392517, validate accuracy: 0.664, ensemble accuracy: 1.0, F1: 1.0.
Epoch 19
Train loss: 0.6575967669487, train accuracy: 0.59375
Validating:
Validate loss: 0.6447067856788635, validate accuracy: 0.684, ensemble accuracy: 1.0, F1: 1.0.
Epoch 20
Train loss: 0.6414491534233093, train accuracy: 0.65625
Validating:
Validate loss: 0.6396580338478088, validate accuracy: 0.684, ensemble accuracy: 1.0, F1: 1.0.
Training Finished.
############ Fold 3 Network accuracy: 1.0
In RawEEG: shape=(4800, 12, 105)
###################### Fold 4 ######################
Use CUDA
log location: logs
Optimizer configuration:
AdamW (
Parameter Group 0
    amsgrad: False
    betas: (0.9, 0.999)
    capturable: False
    differentiable: False
    eps: 1e-08
    foreach: None
    fused: None
    lr: 0.0001
    maximize: False
    weight_decay: 0.0001
)
Trainer Initialization Finished.
Epoch 1
Train loss: 0.7212465405464172, train accuracy: 0.5
Validating:
Validate loss: 0.7236652970314026, validate accuracy: 0.478, ensemble accuracy: 0.4, F1: 0.4.
Epoch 2
Train loss: 0.7211312651634216, train accuracy: 0.5
Validating:
Validate loss: 0.7377097606658936, validate accuracy: 0.466, ensemble accuracy: 0.2, F1: 0.3333333333333333.
Epoch 3
Train loss: 0.6843486428260803, train accuracy: 0.625
Validating:
Validate loss: 0.7355471849441528, validate accuracy: 0.47, ensemble accuracy: 0.0, F1: 0.0.
Epoch 4
Train loss: 0.6668091416358948, train accuracy: 0.609375
Validating:
Validate loss: 0.735638439655304, validate accuracy: 0.49, ensemble accuracy: 0.4, F1: 0.0.
Epoch 5
Train loss: 0.7024864554405212, train accuracy: 0.515625
Validating:
Validate loss: 0.7420206069946289, validate accuracy: 0.486, ensemble accuracy: 0.4, F1: 0.0.
Epoch 6
Train loss: 0.6829481720924377, train accuracy: 0.5546875
Validating:
Validate loss: 0.7392803430557251, validate accuracy: 0.476, ensemble accuracy: 0.4, F1: 0.0.
Epoch 7
Train loss: 0.661166250705719, train accuracy: 0.65625
Validating:
Validate loss: 0.7467530369758606, validate accuracy: 0.466, ensemble accuracy: 0.4, F1: 0.0.
Epoch 8
Train loss: 0.698821485042572, train accuracy: 0.53125
Validating:
Validate loss: 0.7523218989372253, validate accuracy: 0.464, ensemble accuracy: 0.4, F1: 0.0.
Epoch 9
Train loss: 0.6598308682441711, train accuracy: 0.609375
Validating:
Validate loss: 0.754452645778656, validate accuracy: 0.478, ensemble accuracy: 0.4, F1: 0.0.
Epoch 10
Train loss: 0.6798708438873291, train accuracy: 0.6015625
Validating:
Validate loss: 0.7585734128952026, validate accuracy: 0.47, ensemble accuracy: 0.4, F1: 0.0.
Epoch 11
Train loss: 0.6605897545814514, train accuracy: 0.578125
Validating:
Validate loss: 0.7571452856063843, validate accuracy: 0.48, ensemble accuracy: 0.4, F1: 0.0.
Epoch 12
Train loss: 0.6394897699356079, train accuracy: 0.609375
Validating:
Validate loss: 0.7646985650062561, validate accuracy: 0.476, ensemble accuracy: 0.4, F1: 0.0.
Epoch 13
Train loss: 0.6803735494613647, train accuracy: 0.6171875
Validating:
Validate loss: 0.7683191299438477, validate accuracy: 0.482, ensemble accuracy: 0.4, F1: 0.0.
Epoch 14
Train loss: 0.6600976586341858, train accuracy: 0.6171875
Validating:
Validate loss: 0.7728556990623474, validate accuracy: 0.48, ensemble accuracy: 0.4, F1: 0.0.
Epoch 15
Train loss: 0.6553793549537659, train accuracy: 0.609375
Validating:
Validate loss: 0.7846726179122925, validate accuracy: 0.464, ensemble accuracy: 0.4, F1: 0.0.
Epoch 16
Train loss: 0.6317576766014099, train accuracy: 0.6875
Validating:
Validate loss: 0.7849552631378174, validate accuracy: 0.464, ensemble accuracy: 0.4, F1: 0.0.
Epoch 17
Train loss: 0.6507483124732971, train accuracy: 0.609375
Validating:
Validate loss: 0.7966344356536865, validate accuracy: 0.458, ensemble accuracy: 0.4, F1: 0.0.
Epoch 18
Train loss: 0.6425124406814575, train accuracy: 0.59375
Validating:
Validate loss: 0.7966390252113342, validate accuracy: 0.468, ensemble accuracy: 0.4, F1: 0.0.
Epoch 19
Train loss: 0.6441605687141418, train accuracy: 0.59375
Validating:
Validate loss: 0.8081365823745728, validate accuracy: 0.462, ensemble accuracy: 0.4, F1: 0.0.
Epoch 20
Train loss: 0.6282826066017151, train accuracy: 0.6171875
Validating:
Validate loss: 0.8078179955482483, validate accuracy: 0.472, ensemble accuracy: 0.4, F1: 0.0.
Training Finished.
############ Fold 4 Network accuracy: 0.4
In RawEEG: shape=(4800, 12, 105)
###################### Fold 5 ######################
Use CUDA
log location: logs
Optimizer configuration:
AdamW (
Parameter Group 0
    amsgrad: False
    betas: (0.9, 0.999)
    capturable: False
    differentiable: False
    eps: 1e-08
    foreach: None
    fused: None
    lr: 0.0001
    maximize: False
    weight_decay: 0.0001
)
Trainer Initialization Finished.
Epoch 1
Train loss: 0.7751033306121826, train accuracy: 0.4609375
Validating:
Validate loss: 0.7111010551452637, validate accuracy: 0.514, ensemble accuracy: 0.4, F1: 0.0.
Epoch 2
Train loss: 0.7307634353637695, train accuracy: 0.53125
Validating:
Validate loss: 0.707553505897522, validate accuracy: 0.514, ensemble accuracy: 0.4, F1: 0.0.
Epoch 3
Train loss: 0.6833834648132324, train accuracy: 0.59375
Validating:
Validate loss: 0.7029381990432739, validate accuracy: 0.522, ensemble accuracy: 0.4, F1: 0.0.
Epoch 4
Train loss: 0.7115675806999207, train accuracy: 0.53125
Validating:
Validate loss: 0.7009767889976501, validate accuracy: 0.516, ensemble accuracy: 0.4, F1: 0.0.
Epoch 5
Train loss: 0.6897828578948975, train accuracy: 0.59375
Validating:
Validate loss: 0.7001851797103882, validate accuracy: 0.532, ensemble accuracy: 0.4, F1: 0.0.
Epoch 6
Train loss: 0.6857607364654541, train accuracy: 0.6015625
Validating:
Validate loss: 0.6950969099998474, validate accuracy: 0.524, ensemble accuracy: 0.4, F1: 0.0.
Epoch 7
Train loss: 0.6839638948440552, train accuracy: 0.53125
Validating:
Validate loss: 0.6963342428207397, validate accuracy: 0.524, ensemble accuracy: 0.4, F1: 0.0.
Epoch 8
Train loss: 0.6794036626815796, train accuracy: 0.578125
Validating:
Validate loss: 0.6977011561393738, validate accuracy: 0.522, ensemble accuracy: 0.4, F1: 0.0.
Epoch 9
Train loss: 0.6746760010719299, train accuracy: 0.578125
Validating:
Validate loss: 0.6941102743148804, validate accuracy: 0.54, ensemble accuracy: 0.4, F1: 0.0.
Epoch 10
Train loss: 0.6718217134475708, train accuracy: 0.5859375
Validating:
Validate loss: 0.6951098442077637, validate accuracy: 0.532, ensemble accuracy: 0.4, F1: 0.0.
Epoch 11
Train loss: 0.6554571986198425, train accuracy: 0.640625
Validating:
Validate loss: 0.6942777633666992, validate accuracy: 0.548, ensemble accuracy: 0.4, F1: 0.0.
Epoch 12
Train loss: 0.688387393951416, train accuracy: 0.5546875
Validating:
Validate loss: 0.6941516995429993, validate accuracy: 0.552, ensemble accuracy: 0.4, F1: 0.0.
Epoch 13
Train loss: 0.6661192178726196, train accuracy: 0.625
Validating:
Validate loss: 0.6945794224739075, validate accuracy: 0.542, ensemble accuracy: 0.4, F1: 0.0.
Epoch 14
Train loss: 0.6890113949775696, train accuracy: 0.5625
Validating:
Validate loss: 0.6927318572998047, validate accuracy: 0.558, ensemble accuracy: 0.4, F1: 0.0.
Epoch 15
Train loss: 0.6627508401870728, train accuracy: 0.578125
Validating:
Validate loss: 0.6925626397132874, validate accuracy: 0.55, ensemble accuracy: 0.4, F1: 0.0.
Epoch 16
Train loss: 0.6476367115974426, train accuracy: 0.6328125
Validating:
Validate loss: 0.6945667862892151, validate accuracy: 0.544, ensemble accuracy: 0.4, F1: 0.0.
Epoch 17
Train loss: 0.6576130986213684, train accuracy: 0.5546875
Validating:
Validate loss: 0.6955533027648926, validate accuracy: 0.562, ensemble accuracy: 0.4, F1: 0.0.
Epoch 18
Train loss: 0.6530491709709167, train accuracy: 0.640625
Validating:
Validate loss: 0.6980615258216858, validate accuracy: 0.554, ensemble accuracy: 0.4, F1: 0.0.
Epoch 19
Train loss: 0.6527655720710754, train accuracy: 0.625
Validating:
Validate loss: 0.6984914541244507, validate accuracy: 0.552, ensemble accuracy: 0.4, F1: 0.0.
Epoch 20
Train loss: 0.6385432481765747, train accuracy: 0.6640625
Validating:
Validate loss: 0.6978881359100342, validate accuracy: 0.56, ensemble accuracy: 0.4, F1: 0.0.
Training Finished.
############ Fold 5 Network accuracy: 0.4
In RawEEG: shape=(4800, 12, 105)
###################### Fold 6 ######################
Use CUDA
log location: logs
Optimizer configuration:
AdamW (
Parameter Group 0
    amsgrad: False
    betas: (0.9, 0.999)
    capturable: False
    differentiable: False
    eps: 1e-08
    foreach: None
    fused: None
    lr: 0.0001
    maximize: False
    weight_decay: 0.0001
)
Trainer Initialization Finished.
Epoch 1
Train loss: 0.7758815288543701, train accuracy: 0.4453125
Validating:
Validate loss: 0.7321866154670715, validate accuracy: 0.438, ensemble accuracy: 0.2, F1: 0.3333333333333333.
Epoch 2
Train loss: 0.6916766166687012, train accuracy: 0.546875
Validating:
Validate loss: 0.7356809377670288, validate accuracy: 0.458, ensemble accuracy: 0.4, F1: 0.4.
Epoch 3
Train loss: 0.7346434593200684, train accuracy: 0.4765625
Validating:
Validate loss: 0.7261857986450195, validate accuracy: 0.462, ensemble accuracy: 0.2, F1: 0.3333333333333333.
Epoch 4
Train loss: 0.6872894167900085, train accuracy: 0.546875
Validating:
Validate loss: 0.7160840630531311, validate accuracy: 0.496, ensemble accuracy: 0.2, F1: 0.3333333333333333.
Epoch 5
Train loss: 0.6756195425987244, train accuracy: 0.5859375
Validating:
Validate loss: 0.7114876508712769, validate accuracy: 0.5, ensemble accuracy: 0.4, F1: 0.4.
Epoch 6
Train loss: 0.6755452156066895, train accuracy: 0.578125
Validating:
Validate loss: 0.7073972225189209, validate accuracy: 0.514, ensemble accuracy: 0.4, F1: 0.4.
Epoch 7
Train loss: 0.6877360939979553, train accuracy: 0.578125
Validating:
Validate loss: 0.7045775651931763, validate accuracy: 0.516, ensemble accuracy: 0.4, F1: 0.4.
Epoch 8
Train loss: 0.687121570110321, train accuracy: 0.5546875
Validating:
Validate loss: 0.702605128288269, validate accuracy: 0.504, ensemble accuracy: 0.4, F1: 0.4.
Epoch 9
Train loss: 0.6941201686859131, train accuracy: 0.5
Validating:
Validate loss: 0.701616108417511, validate accuracy: 0.51, ensemble accuracy: 0.4, F1: 0.4.
Epoch 10
Train loss: 0.6513428688049316, train accuracy: 0.6875
Validating:
Validate loss: 0.6968855261802673, validate accuracy: 0.534, ensemble accuracy: 0.4, F1: 0.4.
Epoch 11
Train loss: 0.6580109596252441, train accuracy: 0.609375
Validating:
Validate loss: 0.6979749202728271, validate accuracy: 0.518, ensemble accuracy: 0.4, F1: 0.4.
Epoch 12
Train loss: 0.6800801753997803, train accuracy: 0.6015625
Validating:
Validate loss: 0.697767436504364, validate accuracy: 0.508, ensemble accuracy: 0.4, F1: 0.4.
Epoch 13
Train loss: 0.6825170516967773, train accuracy: 0.59375
Validating:
Validate loss: 0.6935378313064575, validate accuracy: 0.528, ensemble accuracy: 0.4, F1: 0.4.
Epoch 14
Train loss: 0.6274223923683167, train accuracy: 0.6796875
Validating:
Validate loss: 0.694170355796814, validate accuracy: 0.516, ensemble accuracy: 0.4, F1: 0.4.
Epoch 15
Train loss: 0.6641132831573486, train accuracy: 0.609375
Validating:
Validate loss: 0.6924103498458862, validate accuracy: 0.528, ensemble accuracy: 0.4, F1: 0.4.
Epoch 16
Train loss: 0.6512628793716431, train accuracy: 0.671875
Validating:
Validate loss: 0.6906759142875671, validate accuracy: 0.54, ensemble accuracy: 0.4, F1: 0.4.
Epoch 17
Train loss: 0.6326307654380798, train accuracy: 0.71875
Validating:
Validate loss: 0.6900531053543091, validate accuracy: 0.536, ensemble accuracy: 0.4, F1: 0.4.
Epoch 18
Train loss: 0.6626256704330444, train accuracy: 0.6484375
Validating:
Validate loss: 0.6878835558891296, validate accuracy: 0.538, ensemble accuracy: 0.4, F1: 0.4.
Epoch 19
Train loss: 0.6163309216499329, train accuracy: 0.71875
Validating:
Validate loss: 0.6877538561820984, validate accuracy: 0.544, ensemble accuracy: 0.4, F1: 0.4.
Epoch 20
Train loss: 0.6536450982093811, train accuracy: 0.640625
Validating:
Validate loss: 0.6904927492141724, validate accuracy: 0.548, ensemble accuracy: 0.4, F1: 0.4.
Training Finished.
############ Fold 6 Network accuracy: 0.4
In RawEEG: shape=(4800, 12, 105)
###################### Fold 7 ######################
Use CUDA
log location: logs
Optimizer configuration:
AdamW (
Parameter Group 0
    amsgrad: False
    betas: (0.9, 0.999)
    capturable: False
    differentiable: False
    eps: 1e-08
    foreach: None
    fused: None
    lr: 0.0001
    maximize: False
    weight_decay: 0.0001
)
Trainer Initialization Finished.
Epoch 1
Train loss: 0.7115420699119568, train accuracy: 0.46875
Validating:
Validate loss: 0.7232771515846252, validate accuracy: 0.49, ensemble accuracy: 0.2, F1: 0.0.
Epoch 2
Train loss: 0.6808215975761414, train accuracy: 0.5390625
Validating:
Validate loss: 0.7466605305671692, validate accuracy: 0.47, ensemble accuracy: 0.2, F1: 0.0.
Epoch 3
Train loss: 0.6910877227783203, train accuracy: 0.578125
Validating:
Validate loss: 0.7616408467292786, validate accuracy: 0.466, ensemble accuracy: 0.2, F1: 0.0.
Epoch 4
Train loss: 0.6528339982032776, train accuracy: 0.6328125
Validating:
Validate loss: 0.7628903985023499, validate accuracy: 0.46, ensemble accuracy: 0.2, F1: 0.0.
Epoch 5
Train loss: 0.6850176453590393, train accuracy: 0.5546875
Validating:
Validate loss: 0.7631312608718872, validate accuracy: 0.45, ensemble accuracy: 0.2, F1: 0.0.
Epoch 6
Train loss: 0.6405826807022095, train accuracy: 0.6171875
Validating:
Validate loss: 0.7685193419456482, validate accuracy: 0.438, ensemble accuracy: 0.2, F1: 0.0.
Epoch 7
Train loss: 0.6561675071716309, train accuracy: 0.6015625
Validating:
Validate loss: 0.772875964641571, validate accuracy: 0.426, ensemble accuracy: 0.2, F1: 0.0.
Epoch 8
Train loss: 0.6768843531608582, train accuracy: 0.53125
Validating:
Validate loss: 0.7822689414024353, validate accuracy: 0.416, ensemble accuracy: 0.2, F1: 0.0.
Epoch 9
Train loss: 0.631813645362854, train accuracy: 0.6484375
Validating:
Validate loss: 0.7882490158081055, validate accuracy: 0.422, ensemble accuracy: 0.2, F1: 0.0.
Epoch 10
Train loss: 0.650331437587738, train accuracy: 0.59375
Validating:
Validate loss: 0.7806236743927002, validate accuracy: 0.436, ensemble accuracy: 0.2, F1: 0.0.
Epoch 11
Train loss: 0.6635741591453552, train accuracy: 0.5703125
Validating:
Validate loss: 0.7965334057807922, validate accuracy: 0.406, ensemble accuracy: 0.2, F1: 0.0.
Epoch 12
Train loss: 0.6404849290847778, train accuracy: 0.6484375
Validating:
Validate loss: 0.7860934734344482, validate accuracy: 0.416, ensemble accuracy: 0.2, F1: 0.0.
Epoch 13
Train loss: 0.6473553776741028, train accuracy: 0.6328125
Validating:
Validate loss: 0.7812408804893494, validate accuracy: 0.426, ensemble accuracy: 0.2, F1: 0.0.
Epoch 14
Train loss: 0.6483707427978516, train accuracy: 0.5703125
Validating:
Validate loss: 0.7974773645401001, validate accuracy: 0.398, ensemble accuracy: 0.2, F1: 0.0.
Epoch 15
Train loss: 0.6668193340301514, train accuracy: 0.6015625
Validating:
Validate loss: 0.7996124029159546, validate accuracy: 0.398, ensemble accuracy: 0.2, F1: 0.0.
Epoch 16
Train loss: 0.6717790365219116, train accuracy: 0.59375
Validating:
Validate loss: 0.7872704267501831, validate accuracy: 0.412, ensemble accuracy: 0.2, F1: 0.0.
Epoch 17
Train loss: 0.665428638458252, train accuracy: 0.5625
Validating:
Validate loss: 0.8053101897239685, validate accuracy: 0.39, ensemble accuracy: 0.2, F1: 0.0.
Epoch 18
Train loss: 0.635739803314209, train accuracy: 0.640625
Validating:
Validate loss: 0.8010140061378479, validate accuracy: 0.412, ensemble accuracy: 0.2, F1: 0.0.
Epoch 19
Train loss: 0.6517665982246399, train accuracy: 0.59375
Validating:
Validate loss: 0.8038478493690491, validate accuracy: 0.404, ensemble accuracy: 0.2, F1: 0.0.
Epoch 20
Train loss: 0.600368082523346, train accuracy: 0.6953125
Validating:
Validate loss: 0.8046521544456482, validate accuracy: 0.394, ensemble accuracy: 0.2, F1: 0.0.
Training Finished.
############ Fold 7 Network accuracy: 0.2
In RawEEG: shape=(4800, 12, 105)
###################### Fold 8 ######################
Use CUDA
log location: logs
Optimizer configuration:
AdamW (
Parameter Group 0
    amsgrad: False
    betas: (0.9, 0.999)
    capturable: False
    differentiable: False
    eps: 1e-08
    foreach: None
    fused: None
    lr: 0.0001
    maximize: False
    weight_decay: 0.0001
)
Trainer Initialization Finished.
Epoch 1
Train loss: 0.6758294701576233, train accuracy: 0.5546875
Validating:
Validate loss: 0.6843388676643372, validate accuracy: 0.552, ensemble accuracy: 0.6, F1: 0.75.
Epoch 2
Train loss: 0.7205307483673096, train accuracy: 0.46875
Validating:
Validate loss: 0.6724339723587036, validate accuracy: 0.568, ensemble accuracy: 0.8, F1: 0.8.
Epoch 3
Train loss: 0.6940649747848511, train accuracy: 0.5703125
Validating:
Validate loss: 0.6687850952148438, validate accuracy: 0.568, ensemble accuracy: 0.6, F1: 0.5.
Epoch 4
Train loss: 0.7138385772705078, train accuracy: 0.4453125
Validating:
Validate loss: 0.6667365431785583, validate accuracy: 0.584, ensemble accuracy: 0.6, F1: 0.5.
Epoch 5
Train loss: 0.6970086693763733, train accuracy: 0.5390625
Validating:
Validate loss: 0.6656346917152405, validate accuracy: 0.578, ensemble accuracy: 0.6, F1: 0.5.
Epoch 6
Train loss: 0.687244713306427, train accuracy: 0.5546875
Validating:
Validate loss: 0.6623412370681763, validate accuracy: 0.606, ensemble accuracy: 0.6, F1: 0.5.
Epoch 7
Train loss: 0.6858499646186829, train accuracy: 0.5625
Validating:
Validate loss: 0.663875162601471, validate accuracy: 0.608, ensemble accuracy: 0.6, F1: 0.5.
Epoch 8
Train loss: 0.6798465251922607, train accuracy: 0.609375
Validating:
Validate loss: 0.6615588665008545, validate accuracy: 0.608, ensemble accuracy: 0.6, F1: 0.5.
Epoch 9
Train loss: 0.6692652702331543, train accuracy: 0.6015625
Validating:
Validate loss: 0.6639196276664734, validate accuracy: 0.608, ensemble accuracy: 0.6, F1: 0.5.
Epoch 10
Train loss: 0.6848152279853821, train accuracy: 0.578125
Validating:
Validate loss: 0.6630473732948303, validate accuracy: 0.614, ensemble accuracy: 0.6, F1: 0.5.
Epoch 11
Train loss: 0.6902218461036682, train accuracy: 0.5234375
Validating:
Validate loss: 0.6588468551635742, validate accuracy: 0.63, ensemble accuracy: 0.6, F1: 0.5.
Epoch 12
Train loss: 0.6915067434310913, train accuracy: 0.5390625
Validating:
Validate loss: 0.6602774858474731, validate accuracy: 0.616, ensemble accuracy: 0.6, F1: 0.5.
Epoch 13
Train loss: 0.6499024033546448, train accuracy: 0.625
Validating:
Validate loss: 0.6655429005622864, validate accuracy: 0.6, ensemble accuracy: 0.6, F1: 0.5.
Epoch 14
Train loss: 0.6841368675231934, train accuracy: 0.578125
Validating:
Validate loss: 0.6635875701904297, validate accuracy: 0.598, ensemble accuracy: 0.6, F1: 0.5.
Epoch 15
Train loss: 0.6577354073524475, train accuracy: 0.5703125
Validating:
Validate loss: 0.6593669056892395, validate accuracy: 0.6, ensemble accuracy: 0.6, F1: 0.5.
Epoch 16
Train loss: 0.6586370468139648, train accuracy: 0.640625
Validating:
Validate loss: 0.6633544564247131, validate accuracy: 0.596, ensemble accuracy: 0.6, F1: 0.5.
Epoch 17
Train loss: 0.6634026765823364, train accuracy: 0.6328125
Validating:
Validate loss: 0.6612836718559265, validate accuracy: 0.594, ensemble accuracy: 0.6, F1: 0.5.
Epoch 18
Train loss: 0.647736668586731, train accuracy: 0.640625
Validating:
Validate loss: 0.6646727323532104, validate accuracy: 0.584, ensemble accuracy: 0.6, F1: 0.5.
Epoch 19
Train loss: 0.6379594802856445, train accuracy: 0.6640625
Validating:
Validate loss: 0.6594252586364746, validate accuracy: 0.59, ensemble accuracy: 0.6, F1: 0.5.
Epoch 20
Train loss: 0.6432037949562073, train accuracy: 0.65625
Validating:
Validate loss: 0.6599193215370178, validate accuracy: 0.594, ensemble accuracy: 0.6, F1: 0.5.
Training Finished.
############ Fold 8 Network accuracy: 0.6
In RawEEG: shape=(4800, 12, 105)
###################### Fold 9 ######################
Use CUDA
log location: logs
Optimizer configuration:
AdamW (
Parameter Group 0
    amsgrad: False
    betas: (0.9, 0.999)
    capturable: False
    differentiable: False
    eps: 1e-08
    foreach: None
    fused: None
    lr: 0.0001
    maximize: False
    weight_decay: 0.0001
)
Trainer Initialization Finished.
Epoch 1
Train loss: 0.701701283454895, train accuracy: 0.515625
Validating:
Validate loss: 0.6600822806358337, validate accuracy: 0.612, ensemble accuracy: 0.8, F1: 0.8888888888888888.
Epoch 2
Train loss: 0.6740621328353882, train accuracy: 0.5703125
Validating:
Validate loss: 0.6786279082298279, validate accuracy: 0.588, ensemble accuracy: 0.8, F1: 0.8888888888888888.
Epoch 3
Train loss: 0.6712656021118164, train accuracy: 0.609375
Validating:
Validate loss: 0.6923285722732544, validate accuracy: 0.554, ensemble accuracy: 0.8, F1: 0.8888888888888888.
Epoch 4
Train loss: 0.7075484395027161, train accuracy: 0.5
Validating:
Validate loss: 0.7060954570770264, validate accuracy: 0.514, ensemble accuracy: 0.6, F1: 0.75.
Epoch 5
Train loss: 0.6592472195625305, train accuracy: 0.6015625
Validating:
Validate loss: 0.7120758891105652, validate accuracy: 0.514, ensemble accuracy: 0.6, F1: 0.75.
Epoch 6
Train loss: 0.6569041609764099, train accuracy: 0.5703125
Validating:
Validate loss: 0.7216632962226868, validate accuracy: 0.488, ensemble accuracy: 0.6, F1: 0.75.
Epoch 7
Train loss: 0.6698502898216248, train accuracy: 0.625
Validating:
Validate loss: 0.7262529134750366, validate accuracy: 0.48, ensemble accuracy: 0.6, F1: 0.75.
Epoch 8
Train loss: 0.680992841720581, train accuracy: 0.5625
Validating:
Validate loss: 0.7312009334564209, validate accuracy: 0.456, ensemble accuracy: 0.6, F1: 0.75.
Epoch 9
Train loss: 0.6566892862319946, train accuracy: 0.65625
Validating:
Validate loss: 0.7400678992271423, validate accuracy: 0.418, ensemble accuracy: 0.6, F1: 0.75.
Epoch 10
Train loss: 0.651393711566925, train accuracy: 0.5859375
Validating:
Validate loss: 0.7432895302772522, validate accuracy: 0.41, ensemble accuracy: 0.6, F1: 0.75.
Epoch 11
Train loss: 0.6812231540679932, train accuracy: 0.578125
Validating:
Validate loss: 0.7464466691017151, validate accuracy: 0.418, ensemble accuracy: 0.6, F1: 0.75.
Epoch 12
Train loss: 0.6591828465461731, train accuracy: 0.640625
Validating:
Validate loss: 0.7516375780105591, validate accuracy: 0.404, ensemble accuracy: 0.4, F1: 0.5714285714285714.
Epoch 13
Train loss: 0.6576321721076965, train accuracy: 0.59375
Validating:
Validate loss: 0.7598651051521301, validate accuracy: 0.394, ensemble accuracy: 0.2, F1: 0.3333333333333333.
Epoch 14
Train loss: 0.6339621543884277, train accuracy: 0.6953125
Validating:
Validate loss: 0.7661907076835632, validate accuracy: 0.386, ensemble accuracy: 0.2, F1: 0.3333333333333333.
Epoch 15
Train loss: 0.6676740646362305, train accuracy: 0.625
Validating:
Validate loss: 0.7654099464416504, validate accuracy: 0.396, ensemble accuracy: 0.2, F1: 0.3333333333333333.
Epoch 16
Train loss: 0.6569932699203491, train accuracy: 0.578125
Validating:
Validate loss: 0.7733721733093262, validate accuracy: 0.376, ensemble accuracy: 0.2, F1: 0.3333333333333333.
Epoch 17
Train loss: 0.6457807421684265, train accuracy: 0.59375
Validating:
Validate loss: 0.777351438999176, validate accuracy: 0.37, ensemble accuracy: 0.2, F1: 0.3333333333333333.
Epoch 18
Train loss: 0.6425487399101257, train accuracy: 0.671875
Validating:
Validate loss: 0.7964937090873718, validate accuracy: 0.348, ensemble accuracy: 0.2, F1: 0.3333333333333333.
Epoch 19
Train loss: 0.6282713413238525, train accuracy: 0.6796875
Validating:
Validate loss: 0.7956869602203369, validate accuracy: 0.344, ensemble accuracy: 0.2, F1: 0.3333333333333333.
Epoch 20
Train loss: 0.6107941269874573, train accuracy: 0.671875
Validating:
Validate loss: 0.809858500957489, validate accuracy: 0.334, ensemble accuracy: 0.2, F1: 0.3333333333333333.
Training Finished.
############ Fold 9 Network accuracy: 0.2
In RawEEG: shape=(4500, 12, 105)
###################### Fold 10 ######################
Use CUDA
log location: logs
Optimizer configuration:
AdamW (
Parameter Group 0
    amsgrad: False
    betas: (0.9, 0.999)
    capturable: False
    differentiable: False
    eps: 1e-08
    foreach: None
    fused: None
    lr: 0.0001
    maximize: False
    weight_decay: 0.0001
)
Trainer Initialization Finished.
Epoch 1
Train loss: 0.7049930691719055, train accuracy: 0.5234375
Validating:
Validate loss: 0.6947992420196534, validate accuracy: 0.51875, ensemble accuracy: 0.375, F1: 0.5454545454545454.
Epoch 2
Train loss: 0.7147639393806458, train accuracy: 0.5
Validating:
Validate loss: 0.6897791481018066, validate accuracy: 0.53875, ensemble accuracy: 0.375, F1: 0.5454545454545454.
Epoch 3
Train loss: 0.6719783544540405, train accuracy: 0.59375
Validating:
Validate loss: 0.6828368592262268, validate accuracy: 0.5325, ensemble accuracy: 0.375, F1: 0.5454545454545454.
Epoch 4
Train loss: 0.6892045736312866, train accuracy: 0.5546875
Validating:
Validate loss: 0.6804127407073974, validate accuracy: 0.54375, ensemble accuracy: 0.375, F1: 0.5454545454545454.
Epoch 5
Train loss: 0.7164746522903442, train accuracy: 0.4375
Validating:
Validate loss: 0.6754315638542175, validate accuracy: 0.54625, ensemble accuracy: 0.375, F1: 0.5454545454545454.
Epoch 6
Train loss: 0.6694961190223694, train accuracy: 0.59375
Validating:
Validate loss: 0.6720206046104431, validate accuracy: 0.55625, ensemble accuracy: 0.5, F1: 0.6.
Epoch 7
Train loss: 0.6669788956642151, train accuracy: 0.6328125
Validating:
Validate loss: 0.6684083199501037, validate accuracy: 0.56125, ensemble accuracy: 0.625, F1: 0.6666666666666666.
Epoch 8
Train loss: 0.6752715110778809, train accuracy: 0.5625
Validating:
Validate loss: 0.6652821922302246, validate accuracy: 0.56875, ensemble accuracy: 0.625, F1: 0.6666666666666666.
Epoch 9
Train loss: 0.6564182043075562, train accuracy: 0.65625
Validating:
Validate loss: 0.6605980491638184, validate accuracy: 0.58375, ensemble accuracy: 0.625, F1: 0.6666666666666666.
Epoch 10
Train loss: 0.6641464233398438, train accuracy: 0.59375
Validating:
Validate loss: 0.6583739280700683, validate accuracy: 0.5725, ensemble accuracy: 0.75, F1: 0.75.
Epoch 11
Train loss: 0.6769676804542542, train accuracy: 0.5625
Validating:
Validate loss: 0.6554736375808716, validate accuracy: 0.58625, ensemble accuracy: 0.875, F1: 0.8571428571428571.
Epoch 12
Train loss: 0.6868089437484741, train accuracy: 0.546875
Validating:
Validate loss: 0.651863100528717, validate accuracy: 0.59375, ensemble accuracy: 0.875, F1: 0.8571428571428571.
Epoch 13
Train loss: 0.6790772080421448, train accuracy: 0.546875
Validating:
Validate loss: 0.6474744391441345, validate accuracy: 0.6075, ensemble accuracy: 0.75, F1: 0.6666666666666666.
Epoch 14
Train loss: 0.6739235520362854, train accuracy: 0.6015625
Validating:
Validate loss: 0.6441398930549621, validate accuracy: 0.60125, ensemble accuracy: 0.75, F1: 0.6666666666666666.
Epoch 15
Train loss: 0.6840211749076843, train accuracy: 0.5859375
Validating:
Validate loss: 0.642102861404419, validate accuracy: 0.60625, ensemble accuracy: 0.75, F1: 0.6666666666666666.
Epoch 16
Train loss: 0.6656497120857239, train accuracy: 0.625
Validating:
Validate loss: 0.6377393865585327, validate accuracy: 0.61375, ensemble accuracy: 0.75, F1: 0.6666666666666666.
Epoch 17
Train loss: 0.6774540543556213, train accuracy: 0.625
Validating:
Validate loss: 0.6361304640769958, validate accuracy: 0.6075, ensemble accuracy: 0.75, F1: 0.6666666666666666.
Epoch 18
Train loss: 0.6510773301124573, train accuracy: 0.640625
Validating:
Validate loss: 0.6309836649894714, validate accuracy: 0.62875, ensemble accuracy: 0.75, F1: 0.6666666666666666.
Epoch 19
Train loss: 0.6583302617073059, train accuracy: 0.6171875
Validating:
Validate loss: 0.6288328218460083, validate accuracy: 0.63, ensemble accuracy: 0.75, F1: 0.6666666666666666.
Epoch 20
Train loss: 0.6267800331115723, train accuracy: 0.65625
Validating:
Validate loss: 0.6246403503417969, validate accuracy: 0.63375, ensemble accuracy: 0.75, F1: 0.6666666666666666.
Training Finished.
############ Fold 10 Network accuracy: 0.75
[0.6  0.4  1.   0.4  0.4  0.4  0.2  0.6  0.2  0.75]
Average accuracy: 0.495
Full record:
[{'accuracy': 0.6, 'precision': 0.0, 'recall': 0.0, 'f1': 0.0}, {'accuracy': 0.4, 'precision': 0.0, 'recall': 0.0, 'f1': 0.0}, {'accuracy': 1.0, 'precision': 1.0, 'recall': 1.0, 'f1': 1.0}, {'accuracy': 0.4, 'precision': 0.0, 'recall': 0.0, 'f1': 0.0}, {'accuracy': 0.4, 'precision': 0.0, 'recall': 0.0, 'f1': 0.0}, {'accuracy': 0.4, 'precision': 0.3333333333333333, 'recall': 0.5, 'f1': 0.4}, {'accuracy': 0.2, 'precision': 0.0, 'recall': 0.0, 'f1': 0.0}, {'accuracy': 0.6, 'precision': 1.0, 'recall': 0.3333333333333333, 'f1': 0.5}, {'accuracy': 0.2, 'precision': 0.5, 'recall': 0.25, 'f1': 0.3333333333333333}, {'accuracy': 0.75, 'precision': 0.6666666666666666, 'recall': 0.6666666666666666, 'f1': 0.6666666666666666}]
Confusion Matrices:
[array([[3, 0],
       [2, 0]]), array([[2, 0],
       [3, 0]]), array([[2, 0],
       [0, 3]]), array([[2, 2],
       [1, 0]]), array([[2, 0],
       [3, 0]]), array([[1, 2],
       [1, 1]]), array([[1, 4],
       [0, 0]]), array([[2, 0],
       [2, 1]]), array([[0, 1],
       [3, 1]]), array([[4, 1],
       [1, 2]])]
!!!!!!!!!! subband on GRU !!!!!!!!!!
Sub-frequency Bands Filtering ... 
In RawEEG: shape=(4800, 12, 105)
###################### Fold 1 ######################
Use CUDA
log location: logs
Optimizer configuration:
AdamW (
Parameter Group 0
    amsgrad: False
    betas: (0.9, 0.999)
    capturable: False
    differentiable: False
    eps: 1e-08
    foreach: None
    fused: None
    lr: 0.0001
    maximize: False
    weight_decay: 0.0001
)
Trainer Initialization Finished.
Epoch 1
Train loss: 0.7198694348335266, train accuracy: 0.453125
Validating:
Validate loss: 0.7153386473655701, validate accuracy: 0.478, ensemble accuracy: 0.2, F1: 0.0.
Epoch 2
Train loss: 0.6867577433586121, train accuracy: 0.515625
Validating:
Validate loss: 0.707856297492981, validate accuracy: 0.486, ensemble accuracy: 0.6, F1: 0.0.
Epoch 3
Train loss: 0.691811203956604, train accuracy: 0.5234375
Validating:
Validate loss: 0.7070804834365845, validate accuracy: 0.49, ensemble accuracy: 0.6, F1: 0.0.
Epoch 4
Train loss: 0.686996340751648, train accuracy: 0.59375
Validating:
Validate loss: 0.703334391117096, validate accuracy: 0.51, ensemble accuracy: 0.6, F1: 0.0.
Epoch 5
Train loss: 0.6976134181022644, train accuracy: 0.515625
Validating:
Validate loss: 0.7027142643928528, validate accuracy: 0.502, ensemble accuracy: 0.6, F1: 0.0.
Epoch 6
Train loss: 0.6816428899765015, train accuracy: 0.5859375
Validating:
Validate loss: 0.7010206580162048, validate accuracy: 0.518, ensemble accuracy: 0.6, F1: 0.0.
Epoch 7
Train loss: 0.6924123764038086, train accuracy: 0.5625
Validating:
Validate loss: 0.7001892924308777, validate accuracy: 0.528, ensemble accuracy: 0.6, F1: 0.0.
Epoch 8
Train loss: 0.6676033139228821, train accuracy: 0.6015625
Validating:
Validate loss: 0.7010903358459473, validate accuracy: 0.518, ensemble accuracy: 0.6, F1: 0.0.
Epoch 9
Train loss: 0.6776238083839417, train accuracy: 0.609375
Validating:
Validate loss: 0.7007968425750732, validate accuracy: 0.526, ensemble accuracy: 0.6, F1: 0.0.
Epoch 10
Train loss: 0.6874568462371826, train accuracy: 0.5703125
Validating:
Validate loss: 0.6982478499412537, validate accuracy: 0.536, ensemble accuracy: 0.6, F1: 0.0.
Epoch 11
Train loss: 0.6909048557281494, train accuracy: 0.5078125
Validating:
Validate loss: 0.6981261968612671, validate accuracy: 0.538, ensemble accuracy: 0.6, F1: 0.0.
Epoch 12
Train loss: 0.6588119268417358, train accuracy: 0.640625
Validating:
Validate loss: 0.6984617114067078, validate accuracy: 0.542, ensemble accuracy: 0.6, F1: 0.0.
Epoch 13
Train loss: 0.6516022682189941, train accuracy: 0.6328125
Validating:
Validate loss: 0.6977752447128296, validate accuracy: 0.548, ensemble accuracy: 0.6, F1: 0.0.
Epoch 14
Train loss: 0.647781252861023, train accuracy: 0.6171875
Validating:
Validate loss: 0.696092963218689, validate accuracy: 0.56, ensemble accuracy: 0.6, F1: 0.0.
Epoch 15
Train loss: 0.6762999892234802, train accuracy: 0.5625
Validating:
Validate loss: 0.6969151496887207, validate accuracy: 0.564, ensemble accuracy: 0.6, F1: 0.0.
Epoch 16
Train loss: 0.6556220650672913, train accuracy: 0.640625
Validating:
Validate loss: 0.6949428915977478, validate accuracy: 0.556, ensemble accuracy: 0.6, F1: 0.0.
Epoch 17
Train loss: 0.6686761975288391, train accuracy: 0.59375
Validating:
Validate loss: 0.695298969745636, validate accuracy: 0.558, ensemble accuracy: 0.6, F1: 0.0.
Epoch 18
Train loss: 0.6534603834152222, train accuracy: 0.609375
Validating:
Validate loss: 0.6935760378837585, validate accuracy: 0.566, ensemble accuracy: 0.6, F1: 0.0.
Epoch 19
Train loss: 0.639636754989624, train accuracy: 0.65625
Validating:
Validate loss: 0.6930908560752869, validate accuracy: 0.568, ensemble accuracy: 0.6, F1: 0.0.
Epoch 20
Train loss: 0.6461961269378662, train accuracy: 0.640625
Validating:
Validate loss: 0.6916656494140625, validate accuracy: 0.574, ensemble accuracy: 0.6, F1: 0.0.
Training Finished.
############ Fold 1 Network accuracy: 0.6
In RawEEG: shape=(4800, 12, 105)
###################### Fold 2 ######################
Use CUDA
log location: logs
Optimizer configuration:
AdamW (
Parameter Group 0
    amsgrad: False
    betas: (0.9, 0.999)
    capturable: False
    differentiable: False
    eps: 1e-08
    foreach: None
    fused: None
    lr: 0.0001
    maximize: False
    weight_decay: 0.0001
)
Trainer Initialization Finished.
Epoch 1
Train loss: 0.734016478061676, train accuracy: 0.53125
Validating:
Validate loss: 0.7306681275367737, validate accuracy: 0.492, ensemble accuracy: 0.6, F1: 0.75.
Epoch 2
Train loss: 0.6754220128059387, train accuracy: 0.5859375
Validating:
Validate loss: 0.7184257507324219, validate accuracy: 0.476, ensemble accuracy: 0.4, F1: 0.5714285714285714.
Epoch 3
Train loss: 0.695385217666626, train accuracy: 0.546875
Validating:
Validate loss: 0.7136783003807068, validate accuracy: 0.484, ensemble accuracy: 0.4, F1: 0.5714285714285714.
Epoch 4
Train loss: 0.7106307148933411, train accuracy: 0.46875
Validating:
Validate loss: 0.7123292684555054, validate accuracy: 0.486, ensemble accuracy: 0.4, F1: 0.5714285714285714.
Epoch 5
Train loss: 0.7094658017158508, train accuracy: 0.5
Validating:
Validate loss: 0.7115994691848755, validate accuracy: 0.46, ensemble accuracy: 0.4, F1: 0.4.
Epoch 6
Train loss: 0.7133588194847107, train accuracy: 0.5078125
Validating:
Validate loss: 0.7126833200454712, validate accuracy: 0.456, ensemble accuracy: 0.4, F1: 0.4.
Epoch 7
Train loss: 0.6709036827087402, train accuracy: 0.5
Validating:
Validate loss: 0.7108484506607056, validate accuracy: 0.462, ensemble accuracy: 0.4, F1: 0.4.
Epoch 8
Train loss: 0.6612485647201538, train accuracy: 0.609375
Validating:
Validate loss: 0.7123039364814758, validate accuracy: 0.456, ensemble accuracy: 0.4, F1: 0.4.
Epoch 9
Train loss: 0.7049371600151062, train accuracy: 0.515625
Validating:
Validate loss: 0.7117544412612915, validate accuracy: 0.444, ensemble accuracy: 0.4, F1: 0.4.
Epoch 10
Train loss: 0.6665350794792175, train accuracy: 0.59375
Validating:
Validate loss: 0.7156105041503906, validate accuracy: 0.456, ensemble accuracy: 0.6, F1: 0.5.
Epoch 11
Train loss: 0.6631708145141602, train accuracy: 0.59375
Validating:
Validate loss: 0.7145682573318481, validate accuracy: 0.46, ensemble accuracy: 0.6, F1: 0.5.
Epoch 12
Train loss: 0.6570724844932556, train accuracy: 0.6015625
Validating:
Validate loss: 0.7148048877716064, validate accuracy: 0.46, ensemble accuracy: 0.6, F1: 0.5.
Epoch 13
Train loss: 0.6684147715568542, train accuracy: 0.546875
Validating:
Validate loss: 0.7141801118850708, validate accuracy: 0.464, ensemble accuracy: 0.6, F1: 0.5.
Epoch 14
Train loss: 0.6653138995170593, train accuracy: 0.6015625
Validating:
Validate loss: 0.7164232730865479, validate accuracy: 0.468, ensemble accuracy: 0.6, F1: 0.5.
Epoch 15
Train loss: 0.7026351690292358, train accuracy: 0.4921875
Validating:
Validate loss: 0.7158471941947937, validate accuracy: 0.468, ensemble accuracy: 0.6, F1: 0.5.
Epoch 16
Train loss: 0.6818291544914246, train accuracy: 0.5234375
Validating:
Validate loss: 0.7152929902076721, validate accuracy: 0.474, ensemble accuracy: 0.6, F1: 0.5.
Epoch 17
Train loss: 0.6716160178184509, train accuracy: 0.53125
Validating:
Validate loss: 0.7153921127319336, validate accuracy: 0.482, ensemble accuracy: 0.6, F1: 0.5.
Epoch 18
Train loss: 0.6561935544013977, train accuracy: 0.5859375
Validating:
Validate loss: 0.7179943919181824, validate accuracy: 0.474, ensemble accuracy: 0.6, F1: 0.5.
Epoch 19
Train loss: 0.6729623675346375, train accuracy: 0.609375
Validating:
Validate loss: 0.7140955328941345, validate accuracy: 0.492, ensemble accuracy: 0.6, F1: 0.5.
Epoch 20
Train loss: 0.6493284106254578, train accuracy: 0.640625
Validating:
Validate loss: 0.714277446269989, validate accuracy: 0.488, ensemble accuracy: 0.6, F1: 0.5.
Training Finished.
############ Fold 2 Network accuracy: 0.6
In RawEEG: shape=(4800, 12, 105)
###################### Fold 3 ######################
Use CUDA
log location: logs
Optimizer configuration:
AdamW (
Parameter Group 0
    amsgrad: False
    betas: (0.9, 0.999)
    capturable: False
    differentiable: False
    eps: 1e-08
    foreach: None
    fused: None
    lr: 0.0001
    maximize: False
    weight_decay: 0.0001
)
Trainer Initialization Finished.
Epoch 1
Train loss: 0.7429261803627014, train accuracy: 0.5234375
Validating:
Validate loss: 0.7404019236564636, validate accuracy: 0.494, ensemble accuracy: 0.4, F1: 0.4.
Epoch 2
Train loss: 0.6833591461181641, train accuracy: 0.546875
Validating:
Validate loss: 0.711009681224823, validate accuracy: 0.532, ensemble accuracy: 0.6, F1: 0.5.
Epoch 3
Train loss: 0.7175742387771606, train accuracy: 0.5546875
Validating:
Validate loss: 0.690200686454773, validate accuracy: 0.564, ensemble accuracy: 0.8, F1: 0.8.
Epoch 4
Train loss: 0.6950944662094116, train accuracy: 0.4765625
Validating:
Validate loss: 0.6787489652633667, validate accuracy: 0.588, ensemble accuracy: 1.0, F1: 1.0.
Epoch 5
Train loss: 0.7004005908966064, train accuracy: 0.4453125
Validating:
Validate loss: 0.6708870530128479, validate accuracy: 0.598, ensemble accuracy: 1.0, F1: 1.0.
Epoch 6
Train loss: 0.691336989402771, train accuracy: 0.5546875
Validating:
Validate loss: 0.6653718948364258, validate accuracy: 0.616, ensemble accuracy: 1.0, F1: 1.0.
Epoch 7
Train loss: 0.6813340187072754, train accuracy: 0.5859375
Validating:
Validate loss: 0.6617692112922668, validate accuracy: 0.634, ensemble accuracy: 1.0, F1: 1.0.
Epoch 8
Train loss: 0.6827343106269836, train accuracy: 0.6484375
Validating:
Validate loss: 0.6594250798225403, validate accuracy: 0.646, ensemble accuracy: 1.0, F1: 1.0.
Epoch 9
Train loss: 0.6718187928199768, train accuracy: 0.578125
Validating:
Validate loss: 0.6567115187644958, validate accuracy: 0.654, ensemble accuracy: 1.0, F1: 1.0.
Epoch 10
Train loss: 0.7206041216850281, train accuracy: 0.4921875
Validating:
Validate loss: 0.6542491912841797, validate accuracy: 0.662, ensemble accuracy: 1.0, F1: 1.0.
Epoch 11
Train loss: 0.6746907234191895, train accuracy: 0.53125
Validating:
Validate loss: 0.6515594124794006, validate accuracy: 0.66, ensemble accuracy: 1.0, F1: 1.0.
Epoch 12
Train loss: 0.6922450661659241, train accuracy: 0.546875
Validating:
Validate loss: 0.6488195061683655, validate accuracy: 0.662, ensemble accuracy: 1.0, F1: 1.0.
Epoch 13
Train loss: 0.6694861054420471, train accuracy: 0.59375
Validating:
Validate loss: 0.6473249793052673, validate accuracy: 0.676, ensemble accuracy: 1.0, F1: 1.0.
Epoch 14
Train loss: 0.651425302028656, train accuracy: 0.671875
Validating:
Validate loss: 0.6453583836555481, validate accuracy: 0.68, ensemble accuracy: 1.0, F1: 1.0.
Epoch 15
Train loss: 0.6722143888473511, train accuracy: 0.578125
Validating:
Validate loss: 0.6440101861953735, validate accuracy: 0.678, ensemble accuracy: 1.0, F1: 1.0.
Epoch 16
Train loss: 0.6916363835334778, train accuracy: 0.5234375
Validating:
Validate loss: 0.6410706043243408, validate accuracy: 0.696, ensemble accuracy: 1.0, F1: 1.0.
Epoch 17
Train loss: 0.6829474568367004, train accuracy: 0.5859375
Validating:
Validate loss: 0.6406194567680359, validate accuracy: 0.694, ensemble accuracy: 1.0, F1: 1.0.
Epoch 18
Train loss: 0.6407480239868164, train accuracy: 0.640625
Validating:
Validate loss: 0.6379640102386475, validate accuracy: 0.68, ensemble accuracy: 1.0, F1: 1.0.
Epoch 19
Train loss: 0.6701321005821228, train accuracy: 0.578125
Validating:
Validate loss: 0.6373007893562317, validate accuracy: 0.69, ensemble accuracy: 1.0, F1: 1.0.
Epoch 20
Train loss: 0.6387531161308289, train accuracy: 0.6953125
Validating:
Validate loss: 0.6351473331451416, validate accuracy: 0.676, ensemble accuracy: 1.0, F1: 1.0.
Training Finished.
############ Fold 3 Network accuracy: 1.0
In RawEEG: shape=(4800, 12, 105)
###################### Fold 4 ######################
Use CUDA
log location: logs
Optimizer configuration:
AdamW (
Parameter Group 0
    amsgrad: False
    betas: (0.9, 0.999)
    capturable: False
    differentiable: False
    eps: 1e-08
    foreach: None
    fused: None
    lr: 0.0001
    maximize: False
    weight_decay: 0.0001
)
Trainer Initialization Finished.
Epoch 1
Train loss: 0.7087367177009583, train accuracy: 0.5234375
Validating:
Validate loss: 0.7632293701171875, validate accuracy: 0.434, ensemble accuracy: 0.2, F1: 0.3333333333333333.
Epoch 2
Train loss: 0.7313454151153564, train accuracy: 0.5078125
Validating:
Validate loss: 0.7671545743942261, validate accuracy: 0.398, ensemble accuracy: 0.2, F1: 0.3333333333333333.
Epoch 3
Train loss: 0.703402042388916, train accuracy: 0.5234375
Validating:
Validate loss: 0.7615769505500793, validate accuracy: 0.378, ensemble accuracy: 0.2, F1: 0.3333333333333333.
Epoch 4
Train loss: 0.6916714310646057, train accuracy: 0.5546875
Validating:
Validate loss: 0.7630225419998169, validate accuracy: 0.384, ensemble accuracy: 0.0, F1: 0.0.
Epoch 5
Train loss: 0.7061904668807983, train accuracy: 0.5078125
Validating:
Validate loss: 0.7615237236022949, validate accuracy: 0.398, ensemble accuracy: 0.2, F1: 0.0.
Epoch 6
Train loss: 0.692890465259552, train accuracy: 0.5234375
Validating:
Validate loss: 0.7632156014442444, validate accuracy: 0.402, ensemble accuracy: 0.2, F1: 0.0.
Epoch 7
Train loss: 0.6590366363525391, train accuracy: 0.609375
Validating:
Validate loss: 0.7623306512832642, validate accuracy: 0.418, ensemble accuracy: 0.2, F1: 0.0.
Epoch 8
Train loss: 0.654758632183075, train accuracy: 0.609375
Validating:
Validate loss: 0.7652387619018555, validate accuracy: 0.404, ensemble accuracy: 0.2, F1: 0.0.
Epoch 9
Train loss: 0.6605097055435181, train accuracy: 0.6171875
Validating:
Validate loss: 0.7676945924758911, validate accuracy: 0.426, ensemble accuracy: 0.4, F1: 0.0.
Epoch 10
Train loss: 0.6622502207756042, train accuracy: 0.6328125
Validating:
Validate loss: 0.76872318983078, validate accuracy: 0.428, ensemble accuracy: 0.4, F1: 0.0.
Epoch 11
Train loss: 0.6693858504295349, train accuracy: 0.6328125
Validating:
Validate loss: 0.7644109725952148, validate accuracy: 0.45, ensemble accuracy: 0.4, F1: 0.0.
Epoch 12
Train loss: 0.6721959114074707, train accuracy: 0.5859375
Validating:
Validate loss: 0.7678313255310059, validate accuracy: 0.448, ensemble accuracy: 0.4, F1: 0.0.
Epoch 13
Train loss: 0.6499484181404114, train accuracy: 0.625
Validating:
Validate loss: 0.7707544565200806, validate accuracy: 0.446, ensemble accuracy: 0.4, F1: 0.0.
Epoch 14
Train loss: 0.6822549700737, train accuracy: 0.546875
Validating:
Validate loss: 0.7700133323669434, validate accuracy: 0.436, ensemble accuracy: 0.4, F1: 0.0.
Epoch 15
Train loss: 0.648380696773529, train accuracy: 0.6171875
Validating:
Validate loss: 0.7754482626914978, validate accuracy: 0.446, ensemble accuracy: 0.4, F1: 0.0.
Epoch 16
Train loss: 0.6356368660926819, train accuracy: 0.671875
Validating:
Validate loss: 0.7719435691833496, validate accuracy: 0.438, ensemble accuracy: 0.4, F1: 0.0.
Epoch 17
Train loss: 0.6240548491477966, train accuracy: 0.6328125
Validating:
Validate loss: 0.7772185206413269, validate accuracy: 0.44, ensemble accuracy: 0.4, F1: 0.0.
Epoch 18
Train loss: 0.6837770938873291, train accuracy: 0.5859375
Validating:
Validate loss: 0.7840048670768738, validate accuracy: 0.438, ensemble accuracy: 0.4, F1: 0.0.
Epoch 19
Train loss: 0.6608001589775085, train accuracy: 0.65625
Validating:
Validate loss: 0.7852932810783386, validate accuracy: 0.442, ensemble accuracy: 0.4, F1: 0.0.
Epoch 20
Train loss: 0.653499960899353, train accuracy: 0.5859375
Validating:
Validate loss: 0.7837272882461548, validate accuracy: 0.452, ensemble accuracy: 0.4, F1: 0.0.
Training Finished.
############ Fold 4 Network accuracy: 0.4
In RawEEG: shape=(4800, 12, 105)
###################### Fold 5 ######################
Use CUDA
log location: logs
Optimizer configuration:
AdamW (
Parameter Group 0
    amsgrad: False
    betas: (0.9, 0.999)
    capturable: False
    differentiable: False
    eps: 1e-08
    foreach: None
    fused: None
    lr: 0.0001
    maximize: False
    weight_decay: 0.0001
)
Trainer Initialization Finished.
Epoch 1
Train loss: 0.7141016721725464, train accuracy: 0.4765625
Validating:
Validate loss: 0.6793763041496277, validate accuracy: 0.552, ensemble accuracy: 0.6, F1: 0.75.
Epoch 2
Train loss: 0.6969972252845764, train accuracy: 0.46875
Validating:
Validate loss: 0.6740342974662781, validate accuracy: 0.578, ensemble accuracy: 0.6, F1: 0.75.
Epoch 3
Train loss: 0.7082597017288208, train accuracy: 0.46875
Validating:
Validate loss: 0.670989990234375, validate accuracy: 0.598, ensemble accuracy: 0.8, F1: 0.8571428571428571.
Epoch 4
Train loss: 0.6976152062416077, train accuracy: 0.5859375
Validating:
Validate loss: 0.6722198724746704, validate accuracy: 0.614, ensemble accuracy: 1.0, F1: 1.0.
Epoch 5
Train loss: 0.679569661617279, train accuracy: 0.546875
Validating:
Validate loss: 0.6714875102043152, validate accuracy: 0.644, ensemble accuracy: 1.0, F1: 1.0.
Epoch 6
Train loss: 0.693112850189209, train accuracy: 0.5625
Validating:
Validate loss: 0.6714907288551331, validate accuracy: 0.644, ensemble accuracy: 1.0, F1: 1.0.
Epoch 7
Train loss: 0.6598060727119446, train accuracy: 0.6015625
Validating:
Validate loss: 0.6736491918563843, validate accuracy: 0.624, ensemble accuracy: 0.8, F1: 0.8.
Epoch 8
Train loss: 0.6959850788116455, train accuracy: 0.4765625
Validating:
Validate loss: 0.6733928322792053, validate accuracy: 0.626, ensemble accuracy: 0.8, F1: 0.8.
Epoch 9
Train loss: 0.6835458278656006, train accuracy: 0.5859375
Validating:
Validate loss: 0.6743336319923401, validate accuracy: 0.63, ensemble accuracy: 0.8, F1: 0.8.
Epoch 10
Train loss: 0.6864668726921082, train accuracy: 0.5546875
Validating:
Validate loss: 0.6753901243209839, validate accuracy: 0.628, ensemble accuracy: 0.8, F1: 0.8.
Epoch 11
Train loss: 0.6609952449798584, train accuracy: 0.5703125
Validating:
Validate loss: 0.6763752698898315, validate accuracy: 0.624, ensemble accuracy: 0.8, F1: 0.8.
Epoch 12
Train loss: 0.6439017057418823, train accuracy: 0.6796875
Validating:
Validate loss: 0.6797671318054199, validate accuracy: 0.62, ensemble accuracy: 0.8, F1: 0.8.
Epoch 13
Train loss: 0.6814175844192505, train accuracy: 0.515625
Validating:
Validate loss: 0.6807745099067688, validate accuracy: 0.61, ensemble accuracy: 0.6, F1: 0.5.
Epoch 14
Train loss: 0.6443933248519897, train accuracy: 0.6953125
Validating:
Validate loss: 0.6823816299438477, validate accuracy: 0.614, ensemble accuracy: 0.6, F1: 0.5.
Epoch 15
Train loss: 0.6406353116035461, train accuracy: 0.59375
Validating:
Validate loss: 0.6852222084999084, validate accuracy: 0.604, ensemble accuracy: 0.4, F1: 0.0.
Epoch 16
Train loss: 0.6602869629859924, train accuracy: 0.6015625
Validating:
Validate loss: 0.6842865943908691, validate accuracy: 0.592, ensemble accuracy: 0.4, F1: 0.0.
Epoch 17
Train loss: 0.6717751622200012, train accuracy: 0.6015625
Validating:
Validate loss: 0.6872308254241943, validate accuracy: 0.594, ensemble accuracy: 0.4, F1: 0.0.
Epoch 18
Train loss: 0.6662035584449768, train accuracy: 0.6015625
Validating:
Validate loss: 0.6874144077301025, validate accuracy: 0.582, ensemble accuracy: 0.4, F1: 0.0.
Epoch 19
Train loss: 0.6241217255592346, train accuracy: 0.671875
Validating:
Validate loss: 0.6873500347137451, validate accuracy: 0.586, ensemble accuracy: 0.4, F1: 0.0.
Epoch 20
Train loss: 0.642156720161438, train accuracy: 0.625
Validating:
Validate loss: 0.6907526850700378, validate accuracy: 0.576, ensemble accuracy: 0.4, F1: 0.0.
Training Finished.
############ Fold 5 Network accuracy: 0.4
In RawEEG: shape=(4800, 12, 105)
###################### Fold 6 ######################
Use CUDA
log location: logs
Optimizer configuration:
AdamW (
Parameter Group 0
    amsgrad: False
    betas: (0.9, 0.999)
    capturable: False
    differentiable: False
    eps: 1e-08
    foreach: None
    fused: None
    lr: 0.0001
    maximize: False
    weight_decay: 0.0001
)
Trainer Initialization Finished.
Epoch 1
Train loss: 0.720375120639801, train accuracy: 0.46875
Validating:
Validate loss: 0.6871246099472046, validate accuracy: 0.588, ensemble accuracy: 0.8, F1: 0.6666666666666666.
Epoch 2
Train loss: 0.7135257720947266, train accuracy: 0.4765625
Validating:
Validate loss: 0.6786093711853027, validate accuracy: 0.594, ensemble accuracy: 0.8, F1: 0.6666666666666666.
Epoch 3
Train loss: 0.6764706969261169, train accuracy: 0.5859375
Validating:
Validate loss: 0.674618124961853, validate accuracy: 0.616, ensemble accuracy: 0.8, F1: 0.6666666666666666.
Epoch 4
Train loss: 0.6896186470985413, train accuracy: 0.5546875
Validating:
Validate loss: 0.6732500791549683, validate accuracy: 0.614, ensemble accuracy: 0.8, F1: 0.6666666666666666.
Epoch 5
Train loss: 0.6761950254440308, train accuracy: 0.6171875
Validating:
Validate loss: 0.6704477071762085, validate accuracy: 0.618, ensemble accuracy: 0.8, F1: 0.6666666666666666.
Epoch 6
Train loss: 0.704132080078125, train accuracy: 0.546875
Validating:
Validate loss: 0.670055627822876, validate accuracy: 0.6, ensemble accuracy: 0.6, F1: 0.5.
Epoch 7
Train loss: 0.6880866885185242, train accuracy: 0.53125
Validating:
Validate loss: 0.6699848771095276, validate accuracy: 0.594, ensemble accuracy: 0.6, F1: 0.5.
Epoch 8
Train loss: 0.6650212407112122, train accuracy: 0.5625
Validating:
Validate loss: 0.6686462759971619, validate accuracy: 0.592, ensemble accuracy: 0.6, F1: 0.5.
Epoch 9
Train loss: 0.6697818636894226, train accuracy: 0.6015625
Validating:
Validate loss: 0.6682036519050598, validate accuracy: 0.6, ensemble accuracy: 0.6, F1: 0.5.
Epoch 10
Train loss: 0.6742188334465027, train accuracy: 0.5546875
Validating:
Validate loss: 0.669266939163208, validate accuracy: 0.582, ensemble accuracy: 0.6, F1: 0.5.
Epoch 11
Train loss: 0.6722564101219177, train accuracy: 0.6171875
Validating:
Validate loss: 0.6693484783172607, validate accuracy: 0.568, ensemble accuracy: 0.6, F1: 0.5.
Epoch 12
Train loss: 0.6574492454528809, train accuracy: 0.609375
Validating:
Validate loss: 0.668914258480072, validate accuracy: 0.576, ensemble accuracy: 0.6, F1: 0.5.
Epoch 13
Train loss: 0.6603221893310547, train accuracy: 0.671875
Validating:
Validate loss: 0.6675091981887817, validate accuracy: 0.584, ensemble accuracy: 0.6, F1: 0.5.
Epoch 14
Train loss: 0.6614009141921997, train accuracy: 0.65625
Validating:
Validate loss: 0.6698453426361084, validate accuracy: 0.566, ensemble accuracy: 0.6, F1: 0.5.
Epoch 15
Train loss: 0.6513507962226868, train accuracy: 0.6328125
Validating:
Validate loss: 0.6702536940574646, validate accuracy: 0.576, ensemble accuracy: 0.6, F1: 0.5.
Epoch 16
Train loss: 0.6837368607521057, train accuracy: 0.5859375
Validating:
Validate loss: 0.6700419187545776, validate accuracy: 0.578, ensemble accuracy: 0.6, F1: 0.5.
Epoch 17
Train loss: 0.6464189887046814, train accuracy: 0.6171875
Validating:
Validate loss: 0.6690794229507446, validate accuracy: 0.586, ensemble accuracy: 0.6, F1: 0.5.
Epoch 18
Train loss: 0.6715235114097595, train accuracy: 0.5703125
Validating:
Validate loss: 0.6701323390007019, validate accuracy: 0.578, ensemble accuracy: 0.6, F1: 0.5.
Epoch 19
Train loss: 0.6497588753700256, train accuracy: 0.65625
Validating:
Validate loss: 0.6707605719566345, validate accuracy: 0.574, ensemble accuracy: 0.6, F1: 0.5.
Epoch 20
Train loss: 0.6372557878494263, train accuracy: 0.6875
Validating:
Validate loss: 0.6700657606124878, validate accuracy: 0.576, ensemble accuracy: 0.6, F1: 0.5.
Training Finished.
############ Fold 6 Network accuracy: 0.6
In RawEEG: shape=(4800, 12, 105)
###################### Fold 7 ######################
Use CUDA
log location: logs
Optimizer configuration:
AdamW (
Parameter Group 0
    amsgrad: False
    betas: (0.9, 0.999)
    capturable: False
    differentiable: False
    eps: 1e-08
    foreach: None
    fused: None
    lr: 0.0001
    maximize: False
    weight_decay: 0.0001
)
Trainer Initialization Finished.
Epoch 1
Train loss: 0.7683687806129456, train accuracy: 0.3984375
Validating:
Validate loss: 0.7967273592948914, validate accuracy: 0.396, ensemble accuracy: 0.2, F1: 0.0.
Epoch 2
Train loss: 0.7108612656593323, train accuracy: 0.4609375
Validating:
Validate loss: 0.8056498765945435, validate accuracy: 0.35, ensemble accuracy: 0.0, F1: 0.0.
Epoch 3
Train loss: 0.6924057006835938, train accuracy: 0.4765625
Validating:
Validate loss: 0.8063915371894836, validate accuracy: 0.348, ensemble accuracy: 0.0, F1: 0.0.
Epoch 4
Train loss: 0.6890174150466919, train accuracy: 0.5703125
Validating:
Validate loss: 0.8125433921813965, validate accuracy: 0.35, ensemble accuracy: 0.2, F1: 0.0.
Epoch 5
Train loss: 0.7199207544326782, train accuracy: 0.4765625
Validating:
Validate loss: 0.82066410779953, validate accuracy: 0.336, ensemble accuracy: 0.2, F1: 0.0.
Epoch 6
Train loss: 0.7012590765953064, train accuracy: 0.5
Validating:
Validate loss: 0.8195187449455261, validate accuracy: 0.334, ensemble accuracy: 0.2, F1: 0.0.
Epoch 7
Train loss: 0.6875420808792114, train accuracy: 0.5703125
Validating:
Validate loss: 0.8191935420036316, validate accuracy: 0.352, ensemble accuracy: 0.2, F1: 0.0.
Epoch 8
Train loss: 0.6959975361824036, train accuracy: 0.5234375
Validating:
Validate loss: 0.820709228515625, validate accuracy: 0.368, ensemble accuracy: 0.2, F1: 0.0.
Epoch 9
Train loss: 0.6786530017852783, train accuracy: 0.578125
Validating:
Validate loss: 0.8223872184753418, validate accuracy: 0.36, ensemble accuracy: 0.2, F1: 0.0.
Epoch 10
Train loss: 0.6662755608558655, train accuracy: 0.640625
Validating:
Validate loss: 0.8196668028831482, validate accuracy: 0.368, ensemble accuracy: 0.2, F1: 0.0.
Epoch 11
Train loss: 0.6821118593215942, train accuracy: 0.53125
Validating:
Validate loss: 0.8190879821777344, validate accuracy: 0.372, ensemble accuracy: 0.2, F1: 0.0.
Epoch 12
Train loss: 0.6449781060218811, train accuracy: 0.59375
Validating:
Validate loss: 0.8100592494010925, validate accuracy: 0.384, ensemble accuracy: 0.2, F1: 0.0.
Epoch 13
Train loss: 0.6564938426017761, train accuracy: 0.6015625
Validating:
Validate loss: 0.8123296499252319, validate accuracy: 0.374, ensemble accuracy: 0.2, F1: 0.0.
Epoch 14
Train loss: 0.6405737996101379, train accuracy: 0.609375
Validating:
Validate loss: 0.8041986227035522, validate accuracy: 0.398, ensemble accuracy: 0.2, F1: 0.0.
Epoch 15
Train loss: 0.6549834609031677, train accuracy: 0.640625
Validating:
Validate loss: 0.806941032409668, validate accuracy: 0.4, ensemble accuracy: 0.2, F1: 0.0.
Epoch 16
Train loss: 0.6638182401657104, train accuracy: 0.6484375
Validating:
Validate loss: 0.8084523677825928, validate accuracy: 0.406, ensemble accuracy: 0.2, F1: 0.0.
Epoch 17
Train loss: 0.6810729503631592, train accuracy: 0.5078125
Validating:
Validate loss: 0.8059834837913513, validate accuracy: 0.412, ensemble accuracy: 0.2, F1: 0.0.
Epoch 18
Train loss: 0.6355696320533752, train accuracy: 0.625
Validating:
Validate loss: 0.7954233288764954, validate accuracy: 0.418, ensemble accuracy: 0.2, F1: 0.0.
Epoch 19
Train loss: 0.6311822533607483, train accuracy: 0.671875
Validating:
Validate loss: 0.795725405216217, validate accuracy: 0.416, ensemble accuracy: 0.2, F1: 0.0.
Epoch 20
Train loss: 0.6606938242912292, train accuracy: 0.6171875
Validating:
Validate loss: 0.8066890835762024, validate accuracy: 0.416, ensemble accuracy: 0.2, F1: 0.0.
Training Finished.
############ Fold 7 Network accuracy: 0.2
In RawEEG: shape=(4800, 12, 105)
###################### Fold 8 ######################
Use CUDA
log location: logs
Optimizer configuration:
AdamW (
Parameter Group 0
    amsgrad: False
    betas: (0.9, 0.999)
    capturable: False
    differentiable: False
    eps: 1e-08
    foreach: None
    fused: None
    lr: 0.0001
    maximize: False
    weight_decay: 0.0001
)
Trainer Initialization Finished.
Epoch 1
Train loss: 0.7116021513938904, train accuracy: 0.546875
Validating:
Validate loss: 0.7132639288902283, validate accuracy: 0.544, ensemble accuracy: 0.6, F1: 0.75.
Epoch 2
Train loss: 0.7167317867279053, train accuracy: 0.5
Validating:
Validate loss: 0.696987509727478, validate accuracy: 0.554, ensemble accuracy: 0.6, F1: 0.75.
Epoch 3
Train loss: 0.7050105929374695, train accuracy: 0.4921875
Validating:
Validate loss: 0.6753620505332947, validate accuracy: 0.578, ensemble accuracy: 0.6, F1: 0.75.
Epoch 4
Train loss: 0.6685717105865479, train accuracy: 0.5546875
Validating:
Validate loss: 0.667290985584259, validate accuracy: 0.602, ensemble accuracy: 1.0, F1: 1.0.
Epoch 5
Train loss: 0.6898057460784912, train accuracy: 0.5390625
Validating:
Validate loss: 0.6623412370681763, validate accuracy: 0.626, ensemble accuracy: 1.0, F1: 1.0.
Epoch 6
Train loss: 0.6948109865188599, train accuracy: 0.5234375
Validating:
Validate loss: 0.6591556072235107, validate accuracy: 0.646, ensemble accuracy: 1.0, F1: 1.0.
Epoch 7
Train loss: 0.7005012631416321, train accuracy: 0.4921875
Validating:
Validate loss: 0.6590288877487183, validate accuracy: 0.646, ensemble accuracy: 1.0, F1: 1.0.
Epoch 8
Train loss: 0.6619598269462585, train accuracy: 0.6171875
Validating:
Validate loss: 0.6581032276153564, validate accuracy: 0.65, ensemble accuracy: 0.8, F1: 0.8.
Epoch 9
Train loss: 0.6937876343727112, train accuracy: 0.5078125
Validating:
Validate loss: 0.6591553688049316, validate accuracy: 0.65, ensemble accuracy: 0.8, F1: 0.8.
Epoch 10
Train loss: 0.6851114630699158, train accuracy: 0.5625
Validating:
Validate loss: 0.6559924483299255, validate accuracy: 0.644, ensemble accuracy: 0.8, F1: 0.8.
Epoch 11
Train loss: 0.6875789761543274, train accuracy: 0.5
Validating:
Validate loss: 0.6587160229682922, validate accuracy: 0.646, ensemble accuracy: 0.8, F1: 0.8.
Epoch 12
Train loss: 0.6902201771736145, train accuracy: 0.515625
Validating:
Validate loss: 0.6581336259841919, validate accuracy: 0.64, ensemble accuracy: 0.8, F1: 0.8.
Epoch 13
Train loss: 0.6527848243713379, train accuracy: 0.625
Validating:
Validate loss: 0.6607393622398376, validate accuracy: 0.62, ensemble accuracy: 0.6, F1: 0.5.
Epoch 14
Train loss: 0.6529051661491394, train accuracy: 0.65625
Validating:
Validate loss: 0.655362606048584, validate accuracy: 0.644, ensemble accuracy: 0.8, F1: 0.8.
Epoch 15
Train loss: 0.6556663513183594, train accuracy: 0.609375
Validating:
Validate loss: 0.6558189988136292, validate accuracy: 0.638, ensemble accuracy: 0.6, F1: 0.5.
Epoch 16
Train loss: 0.6346214413642883, train accuracy: 0.65625
Validating:
Validate loss: 0.6588018536567688, validate accuracy: 0.636, ensemble accuracy: 0.6, F1: 0.5.
Epoch 17
Train loss: 0.6388248205184937, train accuracy: 0.609375
Validating:
Validate loss: 0.6555122137069702, validate accuracy: 0.638, ensemble accuracy: 0.6, F1: 0.5.
Epoch 18
Train loss: 0.6530930995941162, train accuracy: 0.625
Validating:
Validate loss: 0.6551642417907715, validate accuracy: 0.638, ensemble accuracy: 0.6, F1: 0.5.
Epoch 19
Train loss: 0.6562438011169434, train accuracy: 0.6171875
Validating:
Validate loss: 0.6532624959945679, validate accuracy: 0.628, ensemble accuracy: 0.6, F1: 0.5.
Epoch 20
Train loss: 0.651365339756012, train accuracy: 0.5703125
Validating:
Validate loss: 0.6527748703956604, validate accuracy: 0.634, ensemble accuracy: 0.6, F1: 0.5.
Training Finished.
############ Fold 8 Network accuracy: 0.6
In RawEEG: shape=(4800, 12, 105)
###################### Fold 9 ######################
Use CUDA
log location: logs
Optimizer configuration:
AdamW (
Parameter Group 0
    amsgrad: False
    betas: (0.9, 0.999)
    capturable: False
    differentiable: False
    eps: 1e-08
    foreach: None
    fused: None
    lr: 0.0001
    maximize: False
    weight_decay: 0.0001
)
Trainer Initialization Finished.
Epoch 1
Train loss: 0.7927764654159546, train accuracy: 0.421875
Validating:
Validate loss: 0.7446429133415222, validate accuracy: 0.476, ensemble accuracy: 0.2, F1: 0.0.
Epoch 2
Train loss: 0.7280348539352417, train accuracy: 0.515625
Validating:
Validate loss: 0.7328270673751831, validate accuracy: 0.456, ensemble accuracy: 0.2, F1: 0.0.
Epoch 3
Train loss: 0.7034813761711121, train accuracy: 0.53125
Validating:
Validate loss: 0.7370411157608032, validate accuracy: 0.43, ensemble accuracy: 0.0, F1: 0.0.
Epoch 4
Train loss: 0.6910017132759094, train accuracy: 0.5625
Validating:
Validate loss: 0.7344592213630676, validate accuracy: 0.42, ensemble accuracy: 0.0, F1: 0.0.
Epoch 5
Train loss: 0.6877427101135254, train accuracy: 0.546875
Validating:
Validate loss: 0.7445348501205444, validate accuracy: 0.382, ensemble accuracy: 0.0, F1: 0.0.
Epoch 6
Train loss: 0.6981691718101501, train accuracy: 0.578125
Validating:
Validate loss: 0.7482219338417053, validate accuracy: 0.354, ensemble accuracy: 0.2, F1: 0.3333333333333333.
Epoch 7
Train loss: 0.6751840710639954, train accuracy: 0.6015625
Validating:
Validate loss: 0.7532029151916504, validate accuracy: 0.332, ensemble accuracy: 0.2, F1: 0.3333333333333333.
Epoch 8
Train loss: 0.6943339705467224, train accuracy: 0.5546875
Validating:
Validate loss: 0.7519243359565735, validate accuracy: 0.342, ensemble accuracy: 0.2, F1: 0.3333333333333333.
Epoch 9
Train loss: 0.6433473229408264, train accuracy: 0.6875
Validating:
Validate loss: 0.7573821544647217, validate accuracy: 0.326, ensemble accuracy: 0.2, F1: 0.3333333333333333.
Epoch 10
Train loss: 0.668539822101593, train accuracy: 0.625
Validating:
Validate loss: 0.7588810920715332, validate accuracy: 0.332, ensemble accuracy: 0.2, F1: 0.3333333333333333.
Epoch 11
Train loss: 0.7052350044250488, train accuracy: 0.5234375
Validating:
Validate loss: 0.7631319761276245, validate accuracy: 0.328, ensemble accuracy: 0.2, F1: 0.3333333333333333.
Epoch 12
Train loss: 0.679111123085022, train accuracy: 0.578125
Validating:
Validate loss: 0.7699997425079346, validate accuracy: 0.326, ensemble accuracy: 0.2, F1: 0.3333333333333333.
Epoch 13
Train loss: 0.6662169694900513, train accuracy: 0.6015625
Validating:
Validate loss: 0.7711370587348938, validate accuracy: 0.33, ensemble accuracy: 0.2, F1: 0.3333333333333333.
Epoch 14
Train loss: 0.7245272994041443, train accuracy: 0.5234375
Validating:
Validate loss: 0.7743712663650513, validate accuracy: 0.336, ensemble accuracy: 0.2, F1: 0.3333333333333333.
Epoch 15
Train loss: 0.6807036399841309, train accuracy: 0.5546875
Validating:
Validate loss: 0.7729508280754089, validate accuracy: 0.338, ensemble accuracy: 0.2, F1: 0.3333333333333333.
Epoch 16
Train loss: 0.6429212689399719, train accuracy: 0.6171875
Validating:
Validate loss: 0.7805885672569275, validate accuracy: 0.33, ensemble accuracy: 0.2, F1: 0.3333333333333333.
Epoch 17
Train loss: 0.6677865982055664, train accuracy: 0.5625
Validating:
Validate loss: 0.7838290333747864, validate accuracy: 0.332, ensemble accuracy: 0.2, F1: 0.3333333333333333.
Epoch 18
Train loss: 0.6630451679229736, train accuracy: 0.640625
Validating:
Validate loss: 0.7917181849479675, validate accuracy: 0.33, ensemble accuracy: 0.2, F1: 0.3333333333333333.
Epoch 19
Train loss: 0.6607294082641602, train accuracy: 0.6328125
Validating:
Validate loss: 0.798156201839447, validate accuracy: 0.316, ensemble accuracy: 0.2, F1: 0.3333333333333333.
Epoch 20
Train loss: 0.6059670448303223, train accuracy: 0.71875
Validating:
Validate loss: 0.8009122610092163, validate accuracy: 0.316, ensemble accuracy: 0.2, F1: 0.3333333333333333.
Training Finished.
############ Fold 9 Network accuracy: 0.2
In RawEEG: shape=(4500, 12, 105)
###################### Fold 10 ######################
Use CUDA
log location: logs
Optimizer configuration:
AdamW (
Parameter Group 0
    amsgrad: False
    betas: (0.9, 0.999)
    capturable: False
    differentiable: False
    eps: 1e-08
    foreach: None
    fused: None
    lr: 0.0001
    maximize: False
    weight_decay: 0.0001
)
Trainer Initialization Finished.
Epoch 1
Train loss: 0.8125463128089905, train accuracy: 0.4140625
Validating:
Validate loss: 0.7537906646728516, validate accuracy: 0.49875, ensemble accuracy: 0.375, F1: 0.5454545454545454.
Epoch 2
Train loss: 0.7106683254241943, train accuracy: 0.5234375
Validating:
Validate loss: 0.7202345705032349, validate accuracy: 0.4825, ensemble accuracy: 0.375, F1: 0.5454545454545454.
Epoch 3
Train loss: 0.695105254650116, train accuracy: 0.5703125
Validating:
Validate loss: 0.7045328760147095, validate accuracy: 0.4875, ensemble accuracy: 0.375, F1: 0.5454545454545454.
Epoch 4
Train loss: 0.6790271401405334, train accuracy: 0.5859375
Validating:
Validate loss: 0.6989966607093812, validate accuracy: 0.48375, ensemble accuracy: 0.375, F1: 0.5454545454545454.
Epoch 5
Train loss: 0.6888406872749329, train accuracy: 0.5625
Validating:
Validate loss: 0.6929666733741761, validate accuracy: 0.505, ensemble accuracy: 0.375, F1: 0.5454545454545454.
Epoch 6
Train loss: 0.6771805882453918, train accuracy: 0.5390625
Validating:
Validate loss: 0.6889492130279541, validate accuracy: 0.51375, ensemble accuracy: 0.5, F1: 0.6.
Epoch 7
Train loss: 0.6759284138679504, train accuracy: 0.578125
Validating:
Validate loss: 0.6848366141319275, validate accuracy: 0.53875, ensemble accuracy: 0.5, F1: 0.6.
Epoch 8
Train loss: 0.6964483857154846, train accuracy: 0.515625
Validating:
Validate loss: 0.6812200164794922, validate accuracy: 0.54625, ensemble accuracy: 0.5, F1: 0.6.
Epoch 9
Train loss: 0.6792791485786438, train accuracy: 0.625
Validating:
Validate loss: 0.6781933808326721, validate accuracy: 0.555, ensemble accuracy: 0.625, F1: 0.6666666666666666.
Epoch 10
Train loss: 0.6828143000602722, train accuracy: 0.5546875
Validating:
Validate loss: 0.6761778306961059, validate accuracy: 0.5475, ensemble accuracy: 0.625, F1: 0.6666666666666666.
Epoch 11
Train loss: 0.6762497425079346, train accuracy: 0.625
Validating:
Validate loss: 0.6720002436637879, validate accuracy: 0.57375, ensemble accuracy: 0.75, F1: 0.75.
Epoch 12
Train loss: 0.6896981000900269, train accuracy: 0.5546875
Validating:
Validate loss: 0.6723188924789428, validate accuracy: 0.565, ensemble accuracy: 0.625, F1: 0.6666666666666666.
Epoch 13
Train loss: 0.6726911664009094, train accuracy: 0.6015625
Validating:
Validate loss: 0.667552490234375, validate accuracy: 0.585, ensemble accuracy: 0.625, F1: 0.5714285714285714.
Epoch 14
Train loss: 0.69032883644104, train accuracy: 0.4921875
Validating:
Validate loss: 0.66619961977005, validate accuracy: 0.5775, ensemble accuracy: 0.625, F1: 0.5714285714285714.
Epoch 15
Train loss: 0.6745678782463074, train accuracy: 0.59375
Validating:
Validate loss: 0.6617689228057861, validate accuracy: 0.60375, ensemble accuracy: 0.75, F1: 0.6666666666666666.
Epoch 16
Train loss: 0.6836340427398682, train accuracy: 0.5625
Validating:
Validate loss: 0.6598762774467468, validate accuracy: 0.5975, ensemble accuracy: 0.75, F1: 0.6666666666666666.
Epoch 17
Train loss: 0.6599782109260559, train accuracy: 0.609375
Validating:
Validate loss: 0.6570253419876099, validate accuracy: 0.60125, ensemble accuracy: 0.75, F1: 0.6666666666666666.
Epoch 18
Train loss: 0.6518215537071228, train accuracy: 0.640625
Validating:
Validate loss: 0.6550894784927368, validate accuracy: 0.59875, ensemble accuracy: 0.75, F1: 0.6666666666666666.
Epoch 19
Train loss: 0.6510307788848877, train accuracy: 0.6796875
Validating:
Validate loss: 0.6528931593894959, validate accuracy: 0.605, ensemble accuracy: 0.75, F1: 0.6666666666666666.
Epoch 20
Train loss: 0.6504030227661133, train accuracy: 0.625
Validating:
Validate loss: 0.6498248219490051, validate accuracy: 0.62, ensemble accuracy: 0.75, F1: 0.6666666666666666.
Training Finished.
############ Fold 10 Network accuracy: 0.75
[0.6  0.6  1.   0.4  0.4  0.6  0.2  0.6  0.2  0.75]
Average accuracy: 0.5349999999999999
Full record:
[{'accuracy': 0.6, 'precision': 0.0, 'recall': 0.0, 'f1': 0.0}, {'accuracy': 0.6, 'precision': 1.0, 'recall': 0.3333333333333333, 'f1': 0.5}, {'accuracy': 1.0, 'precision': 1.0, 'recall': 1.0, 'f1': 1.0}, {'accuracy': 0.4, 'precision': 0.0, 'recall': 0.0, 'f1': 0.0}, {'accuracy': 0.4, 'precision': 0.0, 'recall': 0.0, 'f1': 0.0}, {'accuracy': 0.6, 'precision': 0.5, 'recall': 0.5, 'f1': 0.5}, {'accuracy': 0.2, 'precision': 0.0, 'recall': 0.0, 'f1': 0.0}, {'accuracy': 0.6, 'precision': 1.0, 'recall': 0.3333333333333333, 'f1': 0.5}, {'accuracy': 0.2, 'precision': 0.5, 'recall': 0.25, 'f1': 0.3333333333333333}, {'accuracy': 0.75, 'precision': 0.6666666666666666, 'recall': 0.6666666666666666, 'f1': 0.6666666666666666}]
Confusion Matrices:
[array([[3, 0],
       [2, 0]]), array([[2, 0],
       [2, 1]]), array([[2, 0],
       [0, 3]]), array([[2, 2],
       [1, 0]]), array([[2, 0],
       [3, 0]]), array([[2, 1],
       [1, 1]]), array([[1, 4],
       [0, 0]]), array([[2, 0],
       [2, 1]]), array([[0, 1],
       [3, 1]]), array([[4, 1],
       [1, 2]])]
!!!!!!!!!! CDAED on LSTM !!!!!!!!!!
###################### Fold 1 ######################
Use CUDA
log location: logs
Optimizer configuration:
AdamW (
Parameter Group 0
    amsgrad: False
    betas: (0.9, 0.999)
    capturable: False
    differentiable: False
    eps: 1e-08
    foreach: None
    fused: None
    lr: 0.0001
    maximize: False
    weight_decay: 0.0001
)
Trainer Initialization Finished.
Epoch 1
Train loss: 0.7538682818412781, train accuracy: 0.578125
Validating:
Validate loss: 0.6682800650596619, validate accuracy: 0.684, ensemble accuracy: 0.8, F1: 0.6666666666666666.
Epoch 2
Train loss: 0.6938514113426208, train accuracy: 0.5625
Validating:
Validate loss: 0.6470175385475159, validate accuracy: 0.716, ensemble accuracy: 0.8, F1: 0.6666666666666666.
Epoch 3
Train loss: 0.7003787755966187, train accuracy: 0.546875
Validating:
Validate loss: 0.6481258869171143, validate accuracy: 0.718, ensemble accuracy: 0.8, F1: 0.6666666666666666.
Epoch 4
Train loss: 0.6418538689613342, train accuracy: 0.65625
Validating:
Validate loss: 0.6495175957679749, validate accuracy: 0.706, ensemble accuracy: 0.8, F1: 0.6666666666666666.
Epoch 5
Train loss: 0.648327112197876, train accuracy: 0.6171875
Validating:
Validate loss: 0.6453068256378174, validate accuracy: 0.714, ensemble accuracy: 0.8, F1: 0.6666666666666666.
Epoch 6
Train loss: 0.6543700098991394, train accuracy: 0.6171875
Validating:
Validate loss: 0.6454993486404419, validate accuracy: 0.714, ensemble accuracy: 0.8, F1: 0.6666666666666666.
Epoch 7
Train loss: 0.6661418080329895, train accuracy: 0.5703125
Validating:
Validate loss: 0.6487036943435669, validate accuracy: 0.696, ensemble accuracy: 0.8, F1: 0.6666666666666666.
Epoch 8
Train loss: 0.6909680366516113, train accuracy: 0.5703125
Validating:
Validate loss: 0.6446019411087036, validate accuracy: 0.712, ensemble accuracy: 0.8, F1: 0.6666666666666666.
Epoch 9
Train loss: 0.650324285030365, train accuracy: 0.5703125
Validating:
Validate loss: 0.6473425626754761, validate accuracy: 0.718, ensemble accuracy: 0.8, F1: 0.6666666666666666.
Epoch 10
Train loss: 0.6755391955375671, train accuracy: 0.5625
Validating:
Validate loss: 0.6428865194320679, validate accuracy: 0.712, ensemble accuracy: 0.8, F1: 0.6666666666666666.
Epoch 11
Train loss: 0.6757117509841919, train accuracy: 0.515625
Validating:
Validate loss: 0.6448400616645813, validate accuracy: 0.712, ensemble accuracy: 0.8, F1: 0.6666666666666666.
Epoch 12
Train loss: 0.6731959581375122, train accuracy: 0.5390625
Validating:
Validate loss: 0.6439033150672913, validate accuracy: 0.712, ensemble accuracy: 0.8, F1: 0.6666666666666666.
Epoch 13
Train loss: 0.6731255650520325, train accuracy: 0.546875
Validating:
Validate loss: 0.6443055272102356, validate accuracy: 0.71, ensemble accuracy: 0.8, F1: 0.6666666666666666.
Epoch 14
Train loss: 0.6692838668823242, train accuracy: 0.640625
Validating:
Validate loss: 0.6456098556518555, validate accuracy: 0.714, ensemble accuracy: 0.8, F1: 0.6666666666666666.
Epoch 15
Train loss: 0.6594562530517578, train accuracy: 0.5703125
Validating:
Validate loss: 0.6430659294128418, validate accuracy: 0.718, ensemble accuracy: 0.8, F1: 0.6666666666666666.
Epoch 16
Train loss: 0.6441137790679932, train accuracy: 0.609375
Validating:
Validate loss: 0.6400647759437561, validate accuracy: 0.72, ensemble accuracy: 0.8, F1: 0.6666666666666666.
Epoch 17
Train loss: 0.6404706835746765, train accuracy: 0.625
Validating:
Validate loss: 0.6445505619049072, validate accuracy: 0.714, ensemble accuracy: 0.8, F1: 0.6666666666666666.
Epoch 18
Train loss: 0.6528222560882568, train accuracy: 0.609375
Validating:
Validate loss: 0.6419200897216797, validate accuracy: 0.712, ensemble accuracy: 0.8, F1: 0.6666666666666666.
Epoch 19
Train loss: 0.6441729068756104, train accuracy: 0.6328125
Validating:
Validate loss: 0.6427134275436401, validate accuracy: 0.72, ensemble accuracy: 0.8, F1: 0.6666666666666666.
Epoch 20
Train loss: 0.6471223831176758, train accuracy: 0.640625
Validating:
Validate loss: 0.6444343328475952, validate accuracy: 0.704, ensemble accuracy: 0.8, F1: 0.6666666666666666.
Training Finished.
############ Fold 1 Network accuracy: 0.8
###################### Fold 2 ######################
Use CUDA
log location: logs
Optimizer configuration:
AdamW (
Parameter Group 0
    amsgrad: False
    betas: (0.9, 0.999)
    capturable: False
    differentiable: False
    eps: 1e-08
    foreach: None
    fused: None
    lr: 0.0001
    maximize: False
    weight_decay: 0.0001
)
Trainer Initialization Finished.
Epoch 1
Train loss: 0.7103360891342163, train accuracy: 0.578125
Validating:
Validate loss: 0.7082650065422058, validate accuracy: 0.478, ensemble accuracy: 0.4, F1: 0.0.
Epoch 2
Train loss: 0.6725443005561829, train accuracy: 0.5859375
Validating:
Validate loss: 0.7030946612358093, validate accuracy: 0.514, ensemble accuracy: 0.6, F1: 0.5.
Epoch 3
Train loss: 0.6799600720405579, train accuracy: 0.5703125
Validating:
Validate loss: 0.6977849006652832, validate accuracy: 0.526, ensemble accuracy: 0.6, F1: 0.5.
Epoch 4
Train loss: 0.6984609961509705, train accuracy: 0.609375
Validating:
Validate loss: 0.6903398036956787, validate accuracy: 0.536, ensemble accuracy: 0.6, F1: 0.5.
Epoch 5
Train loss: 0.7130625247955322, train accuracy: 0.578125
Validating:
Validate loss: 0.6847028732299805, validate accuracy: 0.552, ensemble accuracy: 0.6, F1: 0.5.
Epoch 6
Train loss: 0.6719701886177063, train accuracy: 0.5703125
Validating:
Validate loss: 0.6827796101570129, validate accuracy: 0.552, ensemble accuracy: 0.6, F1: 0.5.
Epoch 7
Train loss: 0.642653226852417, train accuracy: 0.65625
Validating:
Validate loss: 0.6874359846115112, validate accuracy: 0.544, ensemble accuracy: 0.6, F1: 0.5.
Epoch 8
Train loss: 0.6362725496292114, train accuracy: 0.6875
Validating:
Validate loss: 0.6892425417900085, validate accuracy: 0.542, ensemble accuracy: 0.6, F1: 0.5.
Epoch 9
Train loss: 0.6579726934432983, train accuracy: 0.59375
Validating:
Validate loss: 0.6842247247695923, validate accuracy: 0.546, ensemble accuracy: 0.6, F1: 0.5.
Epoch 10
Train loss: 0.6644428372383118, train accuracy: 0.6015625
Validating:
Validate loss: 0.687225341796875, validate accuracy: 0.544, ensemble accuracy: 0.6, F1: 0.5.
Epoch 11
Train loss: 0.6613571047782898, train accuracy: 0.6484375
Validating:
Validate loss: 0.6830855011940002, validate accuracy: 0.546, ensemble accuracy: 0.6, F1: 0.5.
Epoch 12
Train loss: 0.6625803112983704, train accuracy: 0.6171875
Validating:
Validate loss: 0.6817786693572998, validate accuracy: 0.546, ensemble accuracy: 0.6, F1: 0.5.
Epoch 13
Train loss: 0.6342394948005676, train accuracy: 0.6484375
Validating:
Validate loss: 0.6849238276481628, validate accuracy: 0.554, ensemble accuracy: 0.6, F1: 0.5.
Epoch 14
Train loss: 0.6490958333015442, train accuracy: 0.65625
Validating:
Validate loss: 0.6873098611831665, validate accuracy: 0.55, ensemble accuracy: 0.6, F1: 0.5.
Epoch 15
Train loss: 0.647131085395813, train accuracy: 0.6171875
Validating:
Validate loss: 0.6866854429244995, validate accuracy: 0.544, ensemble accuracy: 0.6, F1: 0.5.
Epoch 16
Train loss: 0.6611928939819336, train accuracy: 0.625
Validating:
Validate loss: 0.6807388663291931, validate accuracy: 0.55, ensemble accuracy: 0.6, F1: 0.5.
Epoch 17
Train loss: 0.6676610708236694, train accuracy: 0.59375
Validating:
Validate loss: 0.675661027431488, validate accuracy: 0.552, ensemble accuracy: 0.6, F1: 0.5.
Epoch 18
Train loss: 0.6374000310897827, train accuracy: 0.65625
Validating:
Validate loss: 0.6965259313583374, validate accuracy: 0.532, ensemble accuracy: 0.6, F1: 0.5.
Epoch 19
Train loss: 0.6333703398704529, train accuracy: 0.6640625
Validating:
Validate loss: 0.6798122525215149, validate accuracy: 0.556, ensemble accuracy: 0.6, F1: 0.5.
Epoch 20
Train loss: 0.6622591018676758, train accuracy: 0.6171875
Validating:
Validate loss: 0.6880261898040771, validate accuracy: 0.558, ensemble accuracy: 0.6, F1: 0.5.
Training Finished.
############ Fold 2 Network accuracy: 0.6
###################### Fold 3 ######################
Use CUDA
log location: logs
Optimizer configuration:
AdamW (
Parameter Group 0
    amsgrad: False
    betas: (0.9, 0.999)
    capturable: False
    differentiable: False
    eps: 1e-08
    foreach: None
    fused: None
    lr: 0.0001
    maximize: False
    weight_decay: 0.0001
)
Trainer Initialization Finished.
Epoch 1
Train loss: 0.6694763898849487, train accuracy: 0.6171875
Validating:
Validate loss: 0.7222433090209961, validate accuracy: 0.506, ensemble accuracy: 0.4, F1: 0.0.
Epoch 2
Train loss: 0.6973358392715454, train accuracy: 0.59375
Validating:
Validate loss: 0.7234985828399658, validate accuracy: 0.56, ensemble accuracy: 0.6, F1: 0.5.
Epoch 3
Train loss: 0.7467395663261414, train accuracy: 0.59375
Validating:
Validate loss: 0.7409774661064148, validate accuracy: 0.546, ensemble accuracy: 0.6, F1: 0.5.
Epoch 4
Train loss: 0.6689743995666504, train accuracy: 0.6484375
Validating:
Validate loss: 0.7276917099952698, validate accuracy: 0.562, ensemble accuracy: 0.6, F1: 0.5.
Epoch 5
Train loss: 0.654448926448822, train accuracy: 0.625
Validating:
Validate loss: 0.7315037250518799, validate accuracy: 0.562, ensemble accuracy: 0.6, F1: 0.5.
Epoch 6
Train loss: 0.647789716720581, train accuracy: 0.6640625
Validating:
Validate loss: 0.7231028079986572, validate accuracy: 0.572, ensemble accuracy: 0.6, F1: 0.5.
Epoch 7
Train loss: 0.688690721988678, train accuracy: 0.5625
Validating:
Validate loss: 0.7177587747573853, validate accuracy: 0.576, ensemble accuracy: 0.6, F1: 0.5.
Epoch 8
Train loss: 0.6874097585678101, train accuracy: 0.5859375
Validating:
Validate loss: 0.7202357649803162, validate accuracy: 0.57, ensemble accuracy: 0.6, F1: 0.5.
Epoch 9
Train loss: 0.6637763977050781, train accuracy: 0.640625
Validating:
Validate loss: 0.7255623936653137, validate accuracy: 0.57, ensemble accuracy: 0.6, F1: 0.5.
Epoch 10
Train loss: 0.6356165409088135, train accuracy: 0.65625
Validating:
Validate loss: 0.7151244878768921, validate accuracy: 0.582, ensemble accuracy: 0.6, F1: 0.5.
Epoch 11
Train loss: 0.6498931050300598, train accuracy: 0.5859375
Validating:
Validate loss: 0.7125163078308105, validate accuracy: 0.582, ensemble accuracy: 0.6, F1: 0.5.
Epoch 12
Train loss: 0.670716404914856, train accuracy: 0.609375
Validating:
Validate loss: 0.711136519908905, validate accuracy: 0.582, ensemble accuracy: 0.6, F1: 0.5.
Epoch 13
Train loss: 0.7252960205078125, train accuracy: 0.515625
Validating:
Validate loss: 0.7193155884742737, validate accuracy: 0.568, ensemble accuracy: 0.6, F1: 0.5.
Epoch 14
Train loss: 0.6655125021934509, train accuracy: 0.640625
Validating:
Validate loss: 0.71397465467453, validate accuracy: 0.574, ensemble accuracy: 0.6, F1: 0.5.
Epoch 15
Train loss: 0.6372972130775452, train accuracy: 0.65625
Validating:
Validate loss: 0.7129427790641785, validate accuracy: 0.576, ensemble accuracy: 0.6, F1: 0.5.
Epoch 16
Train loss: 0.6536502242088318, train accuracy: 0.65625
Validating:
Validate loss: 0.7106753587722778, validate accuracy: 0.58, ensemble accuracy: 0.6, F1: 0.5.
Epoch 17
Train loss: 0.636355459690094, train accuracy: 0.6171875
Validating:
Validate loss: 0.7166593074798584, validate accuracy: 0.562, ensemble accuracy: 0.6, F1: 0.5.
Epoch 18
Train loss: 0.6542521119117737, train accuracy: 0.59375
Validating:
Validate loss: 0.709536075592041, validate accuracy: 0.586, ensemble accuracy: 0.6, F1: 0.5.
Epoch 19
Train loss: 0.6342343688011169, train accuracy: 0.65625
Validating:
Validate loss: 0.7111218571662903, validate accuracy: 0.582, ensemble accuracy: 0.6, F1: 0.5.
Epoch 20
Train loss: 0.6335473656654358, train accuracy: 0.59375
Validating:
Validate loss: 0.7051677703857422, validate accuracy: 0.586, ensemble accuracy: 0.6, F1: 0.5.
Training Finished.
############ Fold 3 Network accuracy: 0.6
###################### Fold 4 ######################
Use CUDA
log location: logs
Optimizer configuration:
AdamW (
Parameter Group 0
    amsgrad: False
    betas: (0.9, 0.999)
    capturable: False
    differentiable: False
    eps: 1e-08
    foreach: None
    fused: None
    lr: 0.0001
    maximize: False
    weight_decay: 0.0001
)
Trainer Initialization Finished.
Epoch 1
Train loss: 0.6794199347496033, train accuracy: 0.5703125
Validating:
Validate loss: 0.7024937868118286, validate accuracy: 0.596, ensemble accuracy: 0.4, F1: 0.0.
Epoch 2
Train loss: 0.6502896547317505, train accuracy: 0.6015625
Validating:
Validate loss: 0.795278012752533, validate accuracy: 0.514, ensemble accuracy: 0.4, F1: 0.0.
Epoch 3
Train loss: 0.676065981388092, train accuracy: 0.578125
Validating:
Validate loss: 0.812797486782074, validate accuracy: 0.474, ensemble accuracy: 0.4, F1: 0.0.
Epoch 4
Train loss: 0.6353601217269897, train accuracy: 0.6640625
Validating:
Validate loss: 0.781638503074646, validate accuracy: 0.506, ensemble accuracy: 0.4, F1: 0.0.
Epoch 5
Train loss: 0.6838445067405701, train accuracy: 0.5625
Validating:
Validate loss: 0.7946481108665466, validate accuracy: 0.482, ensemble accuracy: 0.4, F1: 0.0.
Epoch 6
Train loss: 0.651114821434021, train accuracy: 0.5859375
Validating:
Validate loss: 0.7941539883613586, validate accuracy: 0.48, ensemble accuracy: 0.4, F1: 0.0.
Epoch 7
Train loss: 0.6420002579689026, train accuracy: 0.5859375
Validating:
Validate loss: 0.7993207573890686, validate accuracy: 0.472, ensemble accuracy: 0.4, F1: 0.0.
Epoch 8
Train loss: 0.6526685357093811, train accuracy: 0.6171875
Validating:
Validate loss: 0.8029247522354126, validate accuracy: 0.468, ensemble accuracy: 0.4, F1: 0.0.
Epoch 9
Train loss: 0.6831459999084473, train accuracy: 0.65625
Validating:
Validate loss: 0.8124549388885498, validate accuracy: 0.468, ensemble accuracy: 0.4, F1: 0.0.
Epoch 10
Train loss: 0.6578842997550964, train accuracy: 0.59375
Validating:
Validate loss: 0.8035681247711182, validate accuracy: 0.458, ensemble accuracy: 0.4, F1: 0.0.
Epoch 11
Train loss: 0.6398558020591736, train accuracy: 0.6328125
Validating:
Validate loss: 0.8239021301269531, validate accuracy: 0.44, ensemble accuracy: 0.4, F1: 0.0.
Epoch 12
Train loss: 0.6528156995773315, train accuracy: 0.6328125
Validating:
Validate loss: 0.8121176362037659, validate accuracy: 0.46, ensemble accuracy: 0.4, F1: 0.0.
Epoch 13
Train loss: 0.671334981918335, train accuracy: 0.5703125
Validating:
Validate loss: 0.8138273358345032, validate accuracy: 0.45, ensemble accuracy: 0.4, F1: 0.0.
Epoch 14
Train loss: 0.6295374631881714, train accuracy: 0.6640625
Validating:
Validate loss: 0.807177722454071, validate accuracy: 0.454, ensemble accuracy: 0.4, F1: 0.0.
Epoch 15
Train loss: 0.6423013210296631, train accuracy: 0.6328125
Validating:
Validate loss: 0.8193719387054443, validate accuracy: 0.44, ensemble accuracy: 0.4, F1: 0.0.
Epoch 16
Train loss: 0.6590441465377808, train accuracy: 0.6328125
Validating:
Validate loss: 0.807354211807251, validate accuracy: 0.46, ensemble accuracy: 0.4, F1: 0.0.
Epoch 17
Train loss: 0.6850873827934265, train accuracy: 0.5546875
Validating:
Validate loss: 0.8385406732559204, validate accuracy: 0.418, ensemble accuracy: 0.4, F1: 0.0.
Epoch 18
Train loss: 0.665180504322052, train accuracy: 0.625
Validating:
Validate loss: 0.8328506350517273, validate accuracy: 0.428, ensemble accuracy: 0.4, F1: 0.0.
Epoch 19
Train loss: 0.6383756399154663, train accuracy: 0.609375
Validating:
Validate loss: 0.8241314888000488, validate accuracy: 0.432, ensemble accuracy: 0.4, F1: 0.0.
Epoch 20
Train loss: 0.6515318155288696, train accuracy: 0.625
Validating:
Validate loss: 0.830319344997406, validate accuracy: 0.424, ensemble accuracy: 0.4, F1: 0.0.
Training Finished.
############ Fold 4 Network accuracy: 0.4
###################### Fold 5 ######################
Use CUDA
log location: logs
Optimizer configuration:
AdamW (
Parameter Group 0
    amsgrad: False
    betas: (0.9, 0.999)
    capturable: False
    differentiable: False
    eps: 1e-08
    foreach: None
    fused: None
    lr: 0.0001
    maximize: False
    weight_decay: 0.0001
)
Trainer Initialization Finished.
Epoch 1
Train loss: 0.7750502228736877, train accuracy: 0.5703125
Validating:
Validate loss: 0.6715249419212341, validate accuracy: 0.62, ensemble accuracy: 1.0, F1: 1.0.
Epoch 2
Train loss: 0.6445230841636658, train accuracy: 0.5859375
Validating:
Validate loss: 0.6714828014373779, validate accuracy: 0.622, ensemble accuracy: 0.6, F1: 0.5.
Epoch 3
Train loss: 0.6293405890464783, train accuracy: 0.6484375
Validating:
Validate loss: 0.6772360801696777, validate accuracy: 0.628, ensemble accuracy: 0.6, F1: 0.5.
Epoch 4
Train loss: 0.6557655930519104, train accuracy: 0.6328125
Validating:
Validate loss: 0.6811809539794922, validate accuracy: 0.622, ensemble accuracy: 0.6, F1: 0.5.
Epoch 5
Train loss: 0.6596997380256653, train accuracy: 0.609375
Validating:
Validate loss: 0.6745404601097107, validate accuracy: 0.632, ensemble accuracy: 0.6, F1: 0.5.
Epoch 6
Train loss: 0.6344375610351562, train accuracy: 0.6328125
Validating:
Validate loss: 0.6765324473381042, validate accuracy: 0.612, ensemble accuracy: 0.6, F1: 0.5.
Epoch 7
Train loss: 0.667410671710968, train accuracy: 0.59375
Validating:
Validate loss: 0.6723076701164246, validate accuracy: 0.634, ensemble accuracy: 0.6, F1: 0.5.
Epoch 8
Train loss: 0.6430471539497375, train accuracy: 0.578125
Validating:
Validate loss: 0.6792349219322205, validate accuracy: 0.618, ensemble accuracy: 0.6, F1: 0.5.
Epoch 9
Train loss: 0.6711985468864441, train accuracy: 0.59375
Validating:
Validate loss: 0.6822551488876343, validate accuracy: 0.604, ensemble accuracy: 0.6, F1: 0.5.
Epoch 10
Train loss: 0.6593410968780518, train accuracy: 0.546875
Validating:
Validate loss: 0.6767982840538025, validate accuracy: 0.618, ensemble accuracy: 0.6, F1: 0.5.
Epoch 11
Train loss: 0.6754834651947021, train accuracy: 0.6015625
Validating:
Validate loss: 0.6757436394691467, validate accuracy: 0.626, ensemble accuracy: 0.6, F1: 0.5.
Epoch 12
Train loss: 0.6838368773460388, train accuracy: 0.59375
Validating:
Validate loss: 0.6740735769271851, validate accuracy: 0.634, ensemble accuracy: 0.6, F1: 0.5.
Epoch 13
Train loss: 0.6535771489143372, train accuracy: 0.5546875
Validating:
Validate loss: 0.6772359609603882, validate accuracy: 0.608, ensemble accuracy: 0.6, F1: 0.5.
Epoch 14
Train loss: 0.6209010481834412, train accuracy: 0.6796875
Validating:
Validate loss: 0.6766529083251953, validate accuracy: 0.624, ensemble accuracy: 0.6, F1: 0.5.
Epoch 15
Train loss: 0.6442359089851379, train accuracy: 0.6015625
Validating:
Validate loss: 0.6802127361297607, validate accuracy: 0.624, ensemble accuracy: 0.6, F1: 0.5.
Epoch 16
Train loss: 0.6633976697921753, train accuracy: 0.5625
Validating:
Validate loss: 0.6717109680175781, validate accuracy: 0.642, ensemble accuracy: 0.6, F1: 0.5.
Epoch 17
Train loss: 0.6277130842208862, train accuracy: 0.6640625
Validating:
Validate loss: 0.6764424443244934, validate accuracy: 0.614, ensemble accuracy: 0.6, F1: 0.5.
Epoch 18
Train loss: 0.6643254160881042, train accuracy: 0.640625
Validating:
Validate loss: 0.6784201264381409, validate accuracy: 0.628, ensemble accuracy: 0.6, F1: 0.5.
Epoch 19
Train loss: 0.6619129180908203, train accuracy: 0.640625
Validating:
Validate loss: 0.679045557975769, validate accuracy: 0.626, ensemble accuracy: 0.6, F1: 0.5.
Epoch 20
Train loss: 0.6791731119155884, train accuracy: 0.6171875
Validating:
Validate loss: 0.6785122156143188, validate accuracy: 0.626, ensemble accuracy: 0.6, F1: 0.5.
Training Finished.
############ Fold 5 Network accuracy: 0.6
###################### Fold 6 ######################
Use CUDA
log location: logs
Optimizer configuration:
AdamW (
Parameter Group 0
    amsgrad: False
    betas: (0.9, 0.999)
    capturable: False
    differentiable: False
    eps: 1e-08
    foreach: None
    fused: None
    lr: 0.0001
    maximize: False
    weight_decay: 0.0001
)
Trainer Initialization Finished.
Epoch 1
Train loss: 0.7049501538276672, train accuracy: 0.4921875
Validating:
Validate loss: 0.691544771194458, validate accuracy: 0.586, ensemble accuracy: 0.6, F1: 0.0.
Epoch 2
Train loss: 0.6628488302230835, train accuracy: 0.6484375
Validating:
Validate loss: 0.6800462603569031, validate accuracy: 0.592, ensemble accuracy: 0.6, F1: 0.5.
Epoch 3
Train loss: 0.6608242988586426, train accuracy: 0.5703125
Validating:
Validate loss: 0.6891946792602539, validate accuracy: 0.56, ensemble accuracy: 0.4, F1: 0.4.
Epoch 4
Train loss: 0.6596943736076355, train accuracy: 0.578125
Validating:
Validate loss: 0.6999005079269409, validate accuracy: 0.524, ensemble accuracy: 0.4, F1: 0.4.
Epoch 5
Train loss: 0.6795034408569336, train accuracy: 0.59375
Validating:
Validate loss: 0.7107933759689331, validate accuracy: 0.508, ensemble accuracy: 0.4, F1: 0.4.
Epoch 6
Train loss: 0.6665921807289124, train accuracy: 0.609375
Validating:
Validate loss: 0.7105785608291626, validate accuracy: 0.51, ensemble accuracy: 0.4, F1: 0.4.
Epoch 7
Train loss: 0.638520359992981, train accuracy: 0.6484375
Validating:
Validate loss: 0.7111181616783142, validate accuracy: 0.524, ensemble accuracy: 0.4, F1: 0.4.
Epoch 8
Train loss: 0.687772274017334, train accuracy: 0.5546875
Validating:
Validate loss: 0.717531681060791, validate accuracy: 0.508, ensemble accuracy: 0.4, F1: 0.4.
Epoch 9
Train loss: 0.6398239731788635, train accuracy: 0.6015625
Validating:
Validate loss: 0.7187830805778503, validate accuracy: 0.492, ensemble accuracy: 0.4, F1: 0.4.
Epoch 10
Train loss: 0.6733509302139282, train accuracy: 0.578125
Validating:
Validate loss: 0.7179787755012512, validate accuracy: 0.506, ensemble accuracy: 0.4, F1: 0.4.
Epoch 11
Train loss: 0.659050464630127, train accuracy: 0.671875
Validating:
Validate loss: 0.7251985669136047, validate accuracy: 0.476, ensemble accuracy: 0.4, F1: 0.4.
Epoch 12
Train loss: 0.6387026309967041, train accuracy: 0.6484375
Validating:
Validate loss: 0.7278598546981812, validate accuracy: 0.476, ensemble accuracy: 0.4, F1: 0.4.
Epoch 13
Train loss: 0.6339873671531677, train accuracy: 0.6328125
Validating:
Validate loss: 0.7274932265281677, validate accuracy: 0.474, ensemble accuracy: 0.4, F1: 0.4.
Epoch 14
Train loss: 0.7052299976348877, train accuracy: 0.53125
Validating:
Validate loss: 0.7251890897750854, validate accuracy: 0.514, ensemble accuracy: 0.4, F1: 0.4.
Epoch 15
Train loss: 0.6063999533653259, train accuracy: 0.65625
Validating:
Validate loss: 0.7262135744094849, validate accuracy: 0.502, ensemble accuracy: 0.4, F1: 0.4.
Epoch 16
Train loss: 0.6624879240989685, train accuracy: 0.59375
Validating:
Validate loss: 0.7318863272666931, validate accuracy: 0.498, ensemble accuracy: 0.4, F1: 0.4.
Epoch 17
Train loss: 0.6507306694984436, train accuracy: 0.5625
Validating:
Validate loss: 0.7317057847976685, validate accuracy: 0.48, ensemble accuracy: 0.4, F1: 0.4.
Epoch 18
Train loss: 0.6457726359367371, train accuracy: 0.578125
Validating:
Validate loss: 0.7318820357322693, validate accuracy: 0.478, ensemble accuracy: 0.4, F1: 0.4.
Epoch 19
Train loss: 0.6520972847938538, train accuracy: 0.640625
Validating:
Validate loss: 0.7287543416023254, validate accuracy: 0.504, ensemble accuracy: 0.4, F1: 0.4.
Epoch 20
Train loss: 0.6280792951583862, train accuracy: 0.6796875
Validating:
Validate loss: 0.7410407662391663, validate accuracy: 0.48, ensemble accuracy: 0.4, F1: 0.4.
Training Finished.
############ Fold 6 Network accuracy: 0.4
###################### Fold 7 ######################
Use CUDA
log location: logs
Optimizer configuration:
AdamW (
Parameter Group 0
    amsgrad: False
    betas: (0.9, 0.999)
    capturable: False
    differentiable: False
    eps: 1e-08
    foreach: None
    fused: None
    lr: 0.0001
    maximize: False
    weight_decay: 0.0001
)
Trainer Initialization Finished.
Epoch 1
Train loss: 0.6463724970817566, train accuracy: 0.625
Validating:
Validate loss: 0.7209727764129639, validate accuracy: 0.628, ensemble accuracy: 0.6, F1: 0.0.
Epoch 2
Train loss: 0.6659766435623169, train accuracy: 0.5625
Validating:
Validate loss: 0.8193820714950562, validate accuracy: 0.594, ensemble accuracy: 0.6, F1: 0.0.
Epoch 3
Train loss: 0.6378602981567383, train accuracy: 0.59375
Validating:
Validate loss: 0.8282381892204285, validate accuracy: 0.55, ensemble accuracy: 0.4, F1: 0.0.
Epoch 4
Train loss: 0.6970452070236206, train accuracy: 0.578125
Validating:
Validate loss: 0.8268222212791443, validate accuracy: 0.536, ensemble accuracy: 0.4, F1: 0.0.
Epoch 5
Train loss: 0.6401351094245911, train accuracy: 0.6484375
Validating:
Validate loss: 0.8069615364074707, validate accuracy: 0.54, ensemble accuracy: 0.4, F1: 0.0.
Epoch 6
Train loss: 0.6018563508987427, train accuracy: 0.65625
Validating:
Validate loss: 0.8260310292243958, validate accuracy: 0.534, ensemble accuracy: 0.4, F1: 0.0.
Epoch 7
Train loss: 0.6434016823768616, train accuracy: 0.5703125
Validating:
Validate loss: 0.8253365159034729, validate accuracy: 0.528, ensemble accuracy: 0.4, F1: 0.0.
Epoch 8
Train loss: 0.6863200664520264, train accuracy: 0.59375
Validating:
Validate loss: 0.8546586632728577, validate accuracy: 0.506, ensemble accuracy: 0.4, F1: 0.0.
Epoch 9
Train loss: 0.6464241743087769, train accuracy: 0.625
Validating:
Validate loss: 0.833530068397522, validate accuracy: 0.51, ensemble accuracy: 0.4, F1: 0.0.
Epoch 10
Train loss: 0.6559906005859375, train accuracy: 0.65625
Validating:
Validate loss: 0.8378689289093018, validate accuracy: 0.512, ensemble accuracy: 0.4, F1: 0.0.
Epoch 11
Train loss: 0.6221857070922852, train accuracy: 0.6484375
Validating:
Validate loss: 0.8400551676750183, validate accuracy: 0.506, ensemble accuracy: 0.4, F1: 0.0.
Epoch 12
Train loss: 0.6650900840759277, train accuracy: 0.5859375
Validating:
Validate loss: 0.8319184184074402, validate accuracy: 0.498, ensemble accuracy: 0.4, F1: 0.0.
Epoch 13
Train loss: 0.6572141051292419, train accuracy: 0.6015625
Validating:
Validate loss: 0.8333112597465515, validate accuracy: 0.51, ensemble accuracy: 0.4, F1: 0.0.
Epoch 14
Train loss: 0.6845828294754028, train accuracy: 0.5234375
Validating:
Validate loss: 0.8368329405784607, validate accuracy: 0.51, ensemble accuracy: 0.4, F1: 0.0.
Epoch 15
Train loss: 0.6101768016815186, train accuracy: 0.6875
Validating:
Validate loss: 0.8641949892044067, validate accuracy: 0.468, ensemble accuracy: 0.4, F1: 0.0.
Epoch 16
Train loss: 0.6393167972564697, train accuracy: 0.6171875
Validating:
Validate loss: 0.825546145439148, validate accuracy: 0.524, ensemble accuracy: 0.4, F1: 0.0.
Epoch 17
Train loss: 0.65595942735672, train accuracy: 0.5703125
Validating:
Validate loss: 0.8495798110961914, validate accuracy: 0.488, ensemble accuracy: 0.4, F1: 0.0.
Epoch 18
Train loss: 0.6500164866447449, train accuracy: 0.625
Validating:
Validate loss: 0.8497194647789001, validate accuracy: 0.48, ensemble accuracy: 0.4, F1: 0.0.
Epoch 19
Train loss: 0.7055413722991943, train accuracy: 0.578125
Validating:
Validate loss: 0.8560981750488281, validate accuracy: 0.492, ensemble accuracy: 0.4, F1: 0.0.
Epoch 20
Train loss: 0.6567274928092957, train accuracy: 0.6171875
Validating:
Validate loss: 0.8591179251670837, validate accuracy: 0.468, ensemble accuracy: 0.4, F1: 0.0.
Training Finished.
############ Fold 7 Network accuracy: 0.4
###################### Fold 8 ######################
Use CUDA
log location: logs
Optimizer configuration:
AdamW (
Parameter Group 0
    amsgrad: False
    betas: (0.9, 0.999)
    capturable: False
    differentiable: False
    eps: 1e-08
    foreach: None
    fused: None
    lr: 0.0001
    maximize: False
    weight_decay: 0.0001
)
Trainer Initialization Finished.
Epoch 1
Train loss: 0.6338104605674744, train accuracy: 0.6484375
Validating:
Validate loss: 0.6799778938293457, validate accuracy: 0.712, ensemble accuracy: 0.8, F1: 0.8.
Epoch 2
Train loss: 0.653769314289093, train accuracy: 0.578125
Validating:
Validate loss: 0.6618941426277161, validate accuracy: 0.72, ensemble accuracy: 0.8, F1: 0.8.
Epoch 3
Train loss: 0.6897503733634949, train accuracy: 0.53125
Validating:
Validate loss: 0.6479323506355286, validate accuracy: 0.732, ensemble accuracy: 1.0, F1: 1.0.
Epoch 4
Train loss: 0.6787786483764648, train accuracy: 0.5859375
Validating:
Validate loss: 0.6434458494186401, validate accuracy: 0.742, ensemble accuracy: 1.0, F1: 1.0.
Epoch 5
Train loss: 0.6397607326507568, train accuracy: 0.6640625
Validating:
Validate loss: 0.6615819931030273, validate accuracy: 0.716, ensemble accuracy: 0.8, F1: 0.8.
Epoch 6
Train loss: 0.6500058770179749, train accuracy: 0.6328125
Validating:
Validate loss: 0.6577104926109314, validate accuracy: 0.732, ensemble accuracy: 0.8, F1: 0.8.
Epoch 7
Train loss: 0.649369478225708, train accuracy: 0.625
Validating:
Validate loss: 0.6640676856040955, validate accuracy: 0.722, ensemble accuracy: 0.8, F1: 0.8.
Epoch 8
Train loss: 0.6880986094474792, train accuracy: 0.546875
Validating:
Validate loss: 0.6633270382881165, validate accuracy: 0.734, ensemble accuracy: 0.8, F1: 0.8.
Epoch 9
Train loss: 0.6496065855026245, train accuracy: 0.6328125
Validating:
Validate loss: 0.6658540964126587, validate accuracy: 0.722, ensemble accuracy: 0.8, F1: 0.8.
Epoch 10
Train loss: 0.6475600600242615, train accuracy: 0.640625
Validating:
Validate loss: 0.6699468493461609, validate accuracy: 0.714, ensemble accuracy: 0.8, F1: 0.8.
Epoch 11
Train loss: 0.6878374814987183, train accuracy: 0.5859375
Validating:
Validate loss: 0.6634827852249146, validate accuracy: 0.73, ensemble accuracy: 0.8, F1: 0.8.
Epoch 12
Train loss: 0.6519801020622253, train accuracy: 0.6171875
Validating:
Validate loss: 0.6797955632209778, validate accuracy: 0.694, ensemble accuracy: 0.8, F1: 0.8.
Epoch 13
Train loss: 0.659473180770874, train accuracy: 0.6171875
Validating:
Validate loss: 0.6807111501693726, validate accuracy: 0.704, ensemble accuracy: 0.8, F1: 0.8.
Epoch 14
Train loss: 0.6788451671600342, train accuracy: 0.5546875
Validating:
Validate loss: 0.6665263772010803, validate accuracy: 0.724, ensemble accuracy: 0.8, F1: 0.8.
Epoch 15
Train loss: 0.6388529539108276, train accuracy: 0.6015625
Validating:
Validate loss: 0.6731050610542297, validate accuracy: 0.72, ensemble accuracy: 0.8, F1: 0.8.
Epoch 16
Train loss: 0.6320225596427917, train accuracy: 0.6484375
Validating:
Validate loss: 0.6815392971038818, validate accuracy: 0.69, ensemble accuracy: 0.8, F1: 0.8.
Epoch 17
Train loss: 0.6433330178260803, train accuracy: 0.71875
Validating:
Validate loss: 0.6686334609985352, validate accuracy: 0.714, ensemble accuracy: 0.8, F1: 0.8.
Epoch 18
Train loss: 0.6876736283302307, train accuracy: 0.578125
Validating:
Validate loss: 0.686198353767395, validate accuracy: 0.694, ensemble accuracy: 0.8, F1: 0.8.
Epoch 19
Train loss: 0.6490060091018677, train accuracy: 0.640625
Validating:
Validate loss: 0.6742986440658569, validate accuracy: 0.696, ensemble accuracy: 0.8, F1: 0.8.
Epoch 20
Train loss: 0.626105546951294, train accuracy: 0.671875
Validating:
Validate loss: 0.6777105331420898, validate accuracy: 0.684, ensemble accuracy: 0.8, F1: 0.8.
Training Finished.
############ Fold 8 Network accuracy: 0.8
###################### Fold 9 ######################
Use CUDA
log location: logs
Optimizer configuration:
AdamW (
Parameter Group 0
    amsgrad: False
    betas: (0.9, 0.999)
    capturable: False
    differentiable: False
    eps: 1e-08
    foreach: None
    fused: None
    lr: 0.0001
    maximize: False
    weight_decay: 0.0001
)
Trainer Initialization Finished.
Epoch 1
Train loss: 0.6915601491928101, train accuracy: 0.5546875
Validating:
Validate loss: 0.6820735931396484, validate accuracy: 0.594, ensemble accuracy: 0.8, F1: 0.8888888888888888.
Epoch 2
Train loss: 0.6572627425193787, train accuracy: 0.6015625
Validating:
Validate loss: 0.7250228524208069, validate accuracy: 0.408, ensemble accuracy: 0.4, F1: 0.5714285714285714.
Epoch 3
Train loss: 0.6617735624313354, train accuracy: 0.6328125
Validating:
Validate loss: 0.7445253133773804, validate accuracy: 0.342, ensemble accuracy: 0.4, F1: 0.5714285714285714.
Epoch 4
Train loss: 0.6780765056610107, train accuracy: 0.5859375
Validating:
Validate loss: 0.7463083863258362, validate accuracy: 0.35, ensemble accuracy: 0.4, F1: 0.5714285714285714.
Epoch 5
Train loss: 0.6250845193862915, train accuracy: 0.6953125
Validating:
Validate loss: 0.7636740207672119, validate accuracy: 0.35, ensemble accuracy: 0.2, F1: 0.3333333333333333.
Epoch 6
Train loss: 0.6188068985939026, train accuracy: 0.703125
Validating:
Validate loss: 0.7750144004821777, validate accuracy: 0.326, ensemble accuracy: 0.2, F1: 0.3333333333333333.
Epoch 7
Train loss: 0.6488906145095825, train accuracy: 0.6640625
Validating:
Validate loss: 0.7800301313400269, validate accuracy: 0.334, ensemble accuracy: 0.2, F1: 0.3333333333333333.
Epoch 8
Train loss: 0.6395890116691589, train accuracy: 0.640625
Validating:
Validate loss: 0.7773021459579468, validate accuracy: 0.336, ensemble accuracy: 0.2, F1: 0.3333333333333333.
Epoch 9
Train loss: 0.6889941096305847, train accuracy: 0.578125
Validating:
Validate loss: 0.7725629210472107, validate accuracy: 0.352, ensemble accuracy: 0.2, F1: 0.3333333333333333.
Epoch 10
Train loss: 0.6345811486244202, train accuracy: 0.6953125
Validating:
Validate loss: 0.7872148156166077, validate accuracy: 0.336, ensemble accuracy: 0.2, F1: 0.3333333333333333.
Epoch 11
Train loss: 0.6566177606582642, train accuracy: 0.609375
Validating:
Validate loss: 0.7868009209632874, validate accuracy: 0.322, ensemble accuracy: 0.2, F1: 0.3333333333333333.
Epoch 12
Train loss: 0.6640691757202148, train accuracy: 0.578125
Validating:
Validate loss: 0.7831252813339233, validate accuracy: 0.324, ensemble accuracy: 0.2, F1: 0.3333333333333333.
Epoch 13
Train loss: 0.6546255350112915, train accuracy: 0.59375
Validating:
Validate loss: 0.7676014304161072, validate accuracy: 0.35, ensemble accuracy: 0.2, F1: 0.3333333333333333.
Epoch 14
Train loss: 0.6480622291564941, train accuracy: 0.6640625
Validating:
Validate loss: 0.7888076305389404, validate accuracy: 0.33, ensemble accuracy: 0.2, F1: 0.3333333333333333.
Epoch 15
Train loss: 0.6407406330108643, train accuracy: 0.671875
Validating:
Validate loss: 0.7972995042800903, validate accuracy: 0.32, ensemble accuracy: 0.2, F1: 0.3333333333333333.
Epoch 16
Train loss: 0.6455630660057068, train accuracy: 0.6328125
Validating:
Validate loss: 0.7867687344551086, validate accuracy: 0.338, ensemble accuracy: 0.2, F1: 0.3333333333333333.
Epoch 17
Train loss: 0.6475067138671875, train accuracy: 0.578125
Validating:
Validate loss: 0.7961750030517578, validate accuracy: 0.322, ensemble accuracy: 0.2, F1: 0.3333333333333333.
Epoch 18
Train loss: 0.6242482662200928, train accuracy: 0.6640625
Validating:
Validate loss: 0.8017157316207886, validate accuracy: 0.312, ensemble accuracy: 0.2, F1: 0.3333333333333333.
Epoch 19
Train loss: 0.7044703364372253, train accuracy: 0.53125
Validating:
Validate loss: 0.7953090071678162, validate accuracy: 0.336, ensemble accuracy: 0.2, F1: 0.3333333333333333.
Epoch 20
Train loss: 0.6519297361373901, train accuracy: 0.6015625
Validating:
Validate loss: 0.8047224879264832, validate accuracy: 0.314, ensemble accuracy: 0.2, F1: 0.3333333333333333.
Training Finished.
############ Fold 9 Network accuracy: 0.2
###################### Fold 10 ######################
Use CUDA
log location: logs
Optimizer configuration:
AdamW (
Parameter Group 0
    amsgrad: False
    betas: (0.9, 0.999)
    capturable: False
    differentiable: False
    eps: 1e-08
    foreach: None
    fused: None
    lr: 0.0001
    maximize: False
    weight_decay: 0.0001
)
Trainer Initialization Finished.
Epoch 1
Train loss: 0.6927242279052734, train accuracy: 0.515625
Validating:
Validate loss: 0.6521497344970704, validate accuracy: 0.68, ensemble accuracy: 0.875, F1: 0.8571428571428571.
Epoch 2
Train loss: 0.7127289175987244, train accuracy: 0.53125
Validating:
Validate loss: 0.6227764940261841, validate accuracy: 0.67625, ensemble accuracy: 0.75, F1: 0.6666666666666666.
Epoch 3
Train loss: 0.639339804649353, train accuracy: 0.6796875
Validating:
Validate loss: 0.615199682712555, validate accuracy: 0.69125, ensemble accuracy: 0.75, F1: 0.6666666666666666.
Epoch 4
Train loss: 0.6656240224838257, train accuracy: 0.6328125
Validating:
Validate loss: 0.608547043800354, validate accuracy: 0.69125, ensemble accuracy: 0.75, F1: 0.6666666666666666.
Epoch 5
Train loss: 0.6716378331184387, train accuracy: 0.59375
Validating:
Validate loss: 0.6107045173645019, validate accuracy: 0.675, ensemble accuracy: 0.75, F1: 0.6666666666666666.
Epoch 6
Train loss: 0.6565748453140259, train accuracy: 0.609375
Validating:
Validate loss: 0.6099597907066345, validate accuracy: 0.6675, ensemble accuracy: 0.75, F1: 0.6666666666666666.
Epoch 7
Train loss: 0.6628028750419617, train accuracy: 0.65625
Validating:
Validate loss: 0.6160025668144226, validate accuracy: 0.66625, ensemble accuracy: 0.75, F1: 0.6666666666666666.
Epoch 8
Train loss: 0.7140345573425293, train accuracy: 0.5234375
Validating:
Validate loss: 0.6171462178230286, validate accuracy: 0.66375, ensemble accuracy: 0.75, F1: 0.6666666666666666.
Epoch 9
Train loss: 0.6649670600891113, train accuracy: 0.5546875
Validating:
Validate loss: 0.6246650791168213, validate accuracy: 0.63375, ensemble accuracy: 0.75, F1: 0.6666666666666666.
Epoch 10
Train loss: 0.6674750447273254, train accuracy: 0.625
Validating:
Validate loss: 0.6220821714401246, validate accuracy: 0.66125, ensemble accuracy: 0.75, F1: 0.6666666666666666.
Epoch 11
Train loss: 0.6747152209281921, train accuracy: 0.640625
Validating:
Validate loss: 0.6190139722824096, validate accuracy: 0.65875, ensemble accuracy: 0.75, F1: 0.6666666666666666.
Epoch 12
Train loss: 0.6797544360160828, train accuracy: 0.609375
Validating:
Validate loss: 0.6208363246917724, validate accuracy: 0.64375, ensemble accuracy: 0.75, F1: 0.6666666666666666.
Epoch 13
Train loss: 0.6767348647117615, train accuracy: 0.5625
Validating:
Validate loss: 0.6151846075057983, validate accuracy: 0.655, ensemble accuracy: 0.75, F1: 0.6666666666666666.
Epoch 14
Train loss: 0.6840143799781799, train accuracy: 0.5625
Validating:
Validate loss: 0.6248954153060913, validate accuracy: 0.64875, ensemble accuracy: 0.75, F1: 0.6666666666666666.
Epoch 15
Train loss: 0.692550539970398, train accuracy: 0.53125
Validating:
Validate loss: 0.622394654750824, validate accuracy: 0.65375, ensemble accuracy: 0.75, F1: 0.6666666666666666.
Epoch 16
Train loss: 0.6517754197120667, train accuracy: 0.6328125
Validating:
Validate loss: 0.6271228742599487, validate accuracy: 0.6475, ensemble accuracy: 0.75, F1: 0.6666666666666666.
Epoch 17
Train loss: 0.626433253288269, train accuracy: 0.703125
Validating:
Validate loss: 0.6184391021728516, validate accuracy: 0.66, ensemble accuracy: 0.75, F1: 0.6666666666666666.
Epoch 18
Train loss: 0.6649332642555237, train accuracy: 0.65625
Validating:
Validate loss: 0.615599205493927, validate accuracy: 0.67375, ensemble accuracy: 0.75, F1: 0.6666666666666666.
Epoch 19
Train loss: 0.6801265478134155, train accuracy: 0.5703125
Validating:
Validate loss: 0.6284610033035278, validate accuracy: 0.64, ensemble accuracy: 0.75, F1: 0.6666666666666666.
Epoch 20
Train loss: 0.6569236516952515, train accuracy: 0.6796875
Validating:
Validate loss: 0.622422366142273, validate accuracy: 0.65125, ensemble accuracy: 0.75, F1: 0.6666666666666666.
Training Finished.
############ Fold 10 Network accuracy: 0.75
[0.8  0.6  0.6  0.4  0.6  0.4  0.4  0.8  0.2  0.75]
Average accuracy: 0.5549999999999999
Full record:
[{'accuracy': 0.8, 'precision': 1.0, 'recall': 0.5, 'f1': 0.6666666666666666}, {'accuracy': 0.6, 'precision': 1.0, 'recall': 0.3333333333333333, 'f1': 0.5}, {'accuracy': 0.6, 'precision': 1.0, 'recall': 0.3333333333333333, 'f1': 0.5}, {'accuracy': 0.4, 'precision': 0.0, 'recall': 0.0, 'f1': 0.0}, {'accuracy': 0.6, 'precision': 1.0, 'recall': 0.3333333333333333, 'f1': 0.5}, {'accuracy': 0.4, 'precision': 0.3333333333333333, 'recall': 0.5, 'f1': 0.4}, {'accuracy': 0.4, 'precision': 0.0, 'recall': 0.0, 'f1': 0.0}, {'accuracy': 0.8, 'precision': 1.0, 'recall': 0.6666666666666666, 'f1': 0.8}, {'accuracy': 0.2, 'precision': 0.5, 'recall': 0.25, 'f1': 0.3333333333333333}, {'accuracy': 0.75, 'precision': 0.6666666666666666, 'recall': 0.6666666666666666, 'f1': 0.6666666666666666}]
Confusion Matrices:
[array([[3, 0],
       [1, 1]]), array([[2, 0],
       [2, 1]]), array([[2, 0],
       [2, 1]]), array([[2, 2],
       [1, 0]]), array([[2, 0],
       [2, 1]]), array([[1, 2],
       [1, 1]]), array([[2, 3],
       [0, 0]]), array([[2, 0],
       [1, 2]]), array([[0, 1],
       [3, 1]]), array([[4, 1],
       [1, 2]])]
!!!!!!!!!! CDAED on GRU !!!!!!!!!!
###################### Fold 1 ######################
Use CUDA
log location: logs
Optimizer configuration:
AdamW (
Parameter Group 0
    amsgrad: False
    betas: (0.9, 0.999)
    capturable: False
    differentiable: False
    eps: 1e-08
    foreach: None
    fused: None
    lr: 0.0001
    maximize: False
    weight_decay: 0.0001
)
Trainer Initialization Finished.
Epoch 1
Train loss: 0.6873616576194763, train accuracy: 0.4609375
Validating:
Validate loss: 0.7150931358337402, validate accuracy: 0.378, ensemble accuracy: 0.2, F1: 0.3333333333333333.
Epoch 2
Train loss: 0.6806328296661377, train accuracy: 0.546875
Validating:
Validate loss: 0.6781708598136902, validate accuracy: 0.604, ensemble accuracy: 0.8, F1: 0.6666666666666666.
Epoch 3
Train loss: 0.6551900506019592, train accuracy: 0.6171875
Validating:
Validate loss: 0.6576778888702393, validate accuracy: 0.702, ensemble accuracy: 0.8, F1: 0.6666666666666666.
Epoch 4
Train loss: 0.7009550333023071, train accuracy: 0.59375
Validating:
Validate loss: 0.647213876247406, validate accuracy: 0.722, ensemble accuracy: 0.8, F1: 0.6666666666666666.
Epoch 5
Train loss: 0.6841827630996704, train accuracy: 0.59375
Validating:
Validate loss: 0.6430677175521851, validate accuracy: 0.718, ensemble accuracy: 0.8, F1: 0.6666666666666666.
Epoch 6
Train loss: 0.6493198871612549, train accuracy: 0.6640625
Validating:
Validate loss: 0.6400879621505737, validate accuracy: 0.75, ensemble accuracy: 0.8, F1: 0.6666666666666666.
Epoch 7
Train loss: 0.6419402360916138, train accuracy: 0.609375
Validating:
Validate loss: 0.6339833736419678, validate accuracy: 0.74, ensemble accuracy: 0.8, F1: 0.6666666666666666.
Epoch 8
Train loss: 0.6554084420204163, train accuracy: 0.5703125
Validating:
Validate loss: 0.6378465294837952, validate accuracy: 0.734, ensemble accuracy: 0.8, F1: 0.6666666666666666.
Epoch 9
Train loss: 0.659633994102478, train accuracy: 0.6015625
Validating:
Validate loss: 0.6404770016670227, validate accuracy: 0.724, ensemble accuracy: 0.8, F1: 0.6666666666666666.
Epoch 10
Train loss: 0.6694551706314087, train accuracy: 0.5859375
Validating:
Validate loss: 0.6378763914108276, validate accuracy: 0.74, ensemble accuracy: 0.8, F1: 0.6666666666666666.
Epoch 11
Train loss: 0.6656851768493652, train accuracy: 0.6015625
Validating:
Validate loss: 0.6331787109375, validate accuracy: 0.74, ensemble accuracy: 0.8, F1: 0.6666666666666666.
Epoch 12
Train loss: 0.6894332766532898, train accuracy: 0.5546875
Validating:
Validate loss: 0.63520348072052, validate accuracy: 0.74, ensemble accuracy: 0.8, F1: 0.6666666666666666.
Epoch 13
Train loss: 0.6671730875968933, train accuracy: 0.6484375
Validating:
Validate loss: 0.6356887221336365, validate accuracy: 0.734, ensemble accuracy: 0.8, F1: 0.6666666666666666.
Epoch 14
Train loss: 0.6701597571372986, train accuracy: 0.59375
Validating:
Validate loss: 0.634290337562561, validate accuracy: 0.746, ensemble accuracy: 0.8, F1: 0.6666666666666666.
Epoch 15
Train loss: 0.6635318398475647, train accuracy: 0.6171875
Validating:
Validate loss: 0.6406845450401306, validate accuracy: 0.736, ensemble accuracy: 0.8, F1: 0.6666666666666666.
Epoch 16
Train loss: 0.6911744475364685, train accuracy: 0.5
Validating:
Validate loss: 0.635857105255127, validate accuracy: 0.738, ensemble accuracy: 0.8, F1: 0.6666666666666666.
Epoch 17
Train loss: 0.6766985654830933, train accuracy: 0.53125
Validating:
Validate loss: 0.636638343334198, validate accuracy: 0.738, ensemble accuracy: 0.8, F1: 0.6666666666666666.
Epoch 18
Train loss: 0.6797224879264832, train accuracy: 0.59375
Validating:
Validate loss: 0.6384357810020447, validate accuracy: 0.734, ensemble accuracy: 0.8, F1: 0.6666666666666666.
Epoch 19
Train loss: 0.6602016687393188, train accuracy: 0.625
Validating:
Validate loss: 0.6349300742149353, validate accuracy: 0.732, ensemble accuracy: 0.8, F1: 0.6666666666666666.
Epoch 20
Train loss: 0.6535535454750061, train accuracy: 0.6015625
Validating:
Validate loss: 0.6388704180717468, validate accuracy: 0.736, ensemble accuracy: 0.8, F1: 0.6666666666666666.
Training Finished.
############ Fold 1 Network accuracy: 0.8
###################### Fold 2 ######################
Use CUDA
log location: logs
Optimizer configuration:
AdamW (
Parameter Group 0
    amsgrad: False
    betas: (0.9, 0.999)
    capturable: False
    differentiable: False
    eps: 1e-08
    foreach: None
    fused: None
    lr: 0.0001
    maximize: False
    weight_decay: 0.0001
)
Trainer Initialization Finished.
Epoch 1
Train loss: 0.7406418919563293, train accuracy: 0.53125
Validating:
Validate loss: 0.7471888065338135, validate accuracy: 0.372, ensemble accuracy: 0.4, F1: 0.0.
Epoch 2
Train loss: 0.6843798756599426, train accuracy: 0.625
Validating:
Validate loss: 0.7313291430473328, validate accuracy: 0.412, ensemble accuracy: 0.4, F1: 0.0.
Epoch 3
Train loss: 0.6848676204681396, train accuracy: 0.6171875
Validating:
Validate loss: 0.7139251828193665, validate accuracy: 0.466, ensemble accuracy: 0.4, F1: 0.0.
Epoch 4
Train loss: 0.6640750765800476, train accuracy: 0.6484375
Validating:
Validate loss: 0.7066364884376526, validate accuracy: 0.486, ensemble accuracy: 0.6, F1: 0.5.
Epoch 5
Train loss: 0.6892657279968262, train accuracy: 0.59375
Validating:
Validate loss: 0.7009572386741638, validate accuracy: 0.502, ensemble accuracy: 0.6, F1: 0.5.
Epoch 6
Train loss: 0.6832051277160645, train accuracy: 0.578125
Validating:
Validate loss: 0.695068359375, validate accuracy: 0.518, ensemble accuracy: 0.6, F1: 0.5.
Epoch 7
Train loss: 0.6649682521820068, train accuracy: 0.65625
Validating:
Validate loss: 0.6898850202560425, validate accuracy: 0.536, ensemble accuracy: 0.6, F1: 0.5.
Epoch 8
Train loss: 0.6468806266784668, train accuracy: 0.65625
Validating:
Validate loss: 0.6939546465873718, validate accuracy: 0.526, ensemble accuracy: 0.6, F1: 0.5.
Epoch 9
Train loss: 0.6499605178833008, train accuracy: 0.625
Validating:
Validate loss: 0.6862813830375671, validate accuracy: 0.548, ensemble accuracy: 0.6, F1: 0.5.
Epoch 10
Train loss: 0.6521268486976624, train accuracy: 0.640625
Validating:
Validate loss: 0.6916308999061584, validate accuracy: 0.532, ensemble accuracy: 0.6, F1: 0.5.
Epoch 11
Train loss: 0.6618362069129944, train accuracy: 0.609375
Validating:
Validate loss: 0.6859793066978455, validate accuracy: 0.538, ensemble accuracy: 0.6, F1: 0.5.
Epoch 12
Train loss: 0.6425881385803223, train accuracy: 0.6171875
Validating:
Validate loss: 0.6832795143127441, validate accuracy: 0.544, ensemble accuracy: 0.6, F1: 0.5.
Epoch 13
Train loss: 0.6511932015419006, train accuracy: 0.640625
Validating:
Validate loss: 0.6865772604942322, validate accuracy: 0.54, ensemble accuracy: 0.6, F1: 0.5.
Epoch 14
Train loss: 0.6812645792961121, train accuracy: 0.59375
Validating:
Validate loss: 0.6914138793945312, validate accuracy: 0.53, ensemble accuracy: 0.6, F1: 0.5.
Epoch 15
Train loss: 0.6594905257225037, train accuracy: 0.6015625
Validating:
Validate loss: 0.6848918795585632, validate accuracy: 0.54, ensemble accuracy: 0.6, F1: 0.5.
Epoch 16
Train loss: 0.6546374559402466, train accuracy: 0.6328125
Validating:
Validate loss: 0.6887433528900146, validate accuracy: 0.542, ensemble accuracy: 0.6, F1: 0.5.
Epoch 17
Train loss: 0.6468976736068726, train accuracy: 0.65625
Validating:
Validate loss: 0.6806836128234863, validate accuracy: 0.544, ensemble accuracy: 0.6, F1: 0.5.
Epoch 18
Train loss: 0.6713371276855469, train accuracy: 0.5859375
Validating:
Validate loss: 0.6857975125312805, validate accuracy: 0.538, ensemble accuracy: 0.6, F1: 0.5.
Epoch 19
Train loss: 0.6478230357170105, train accuracy: 0.640625
Validating:
Validate loss: 0.6823413372039795, validate accuracy: 0.536, ensemble accuracy: 0.6, F1: 0.5.
Epoch 20
Train loss: 0.6577721238136292, train accuracy: 0.6015625
Validating:
Validate loss: 0.6778774261474609, validate accuracy: 0.55, ensemble accuracy: 0.6, F1: 0.5.
Training Finished.
############ Fold 2 Network accuracy: 0.6
###################### Fold 3 ######################
Use CUDA
log location: logs
Optimizer configuration:
AdamW (
Parameter Group 0
    amsgrad: False
    betas: (0.9, 0.999)
    capturable: False
    differentiable: False
    eps: 1e-08
    foreach: None
    fused: None
    lr: 0.0001
    maximize: False
    weight_decay: 0.0001
)
Trainer Initialization Finished.
Epoch 1
Train loss: 0.7293963432312012, train accuracy: 0.4375
Validating:
Validate loss: 0.6991848945617676, validate accuracy: 0.586, ensemble accuracy: 0.6, F1: 0.5.
Epoch 2
Train loss: 0.6704858541488647, train accuracy: 0.53125
Validating:
Validate loss: 0.6790856719017029, validate accuracy: 0.578, ensemble accuracy: 0.6, F1: 0.5.
Epoch 3
Train loss: 0.6472965478897095, train accuracy: 0.65625
Validating:
Validate loss: 0.6636043787002563, validate accuracy: 0.604, ensemble accuracy: 0.6, F1: 0.5.
Epoch 4
Train loss: 0.6695712804794312, train accuracy: 0.6328125
Validating:
Validate loss: 0.6615989208221436, validate accuracy: 0.62, ensemble accuracy: 0.6, F1: 0.5.
Epoch 5
Train loss: 0.6563401818275452, train accuracy: 0.59375
Validating:
Validate loss: 0.668332040309906, validate accuracy: 0.622, ensemble accuracy: 0.6, F1: 0.5.
Epoch 6
Train loss: 0.6491326689720154, train accuracy: 0.6484375
Validating:
Validate loss: 0.6769744157791138, validate accuracy: 0.618, ensemble accuracy: 0.6, F1: 0.5.
Epoch 7
Train loss: 0.6498048305511475, train accuracy: 0.6640625
Validating:
Validate loss: 0.6838846802711487, validate accuracy: 0.604, ensemble accuracy: 0.6, F1: 0.5.
Epoch 8
Train loss: 0.6513864398002625, train accuracy: 0.6640625
Validating:
Validate loss: 0.6811104416847229, validate accuracy: 0.606, ensemble accuracy: 0.6, F1: 0.5.
Epoch 9
Train loss: 0.6615560054779053, train accuracy: 0.578125
Validating:
Validate loss: 0.679753303527832, validate accuracy: 0.604, ensemble accuracy: 0.6, F1: 0.5.
Epoch 10
Train loss: 0.6810529828071594, train accuracy: 0.609375
Validating:
Validate loss: 0.6790536046028137, validate accuracy: 0.614, ensemble accuracy: 0.6, F1: 0.5.
Epoch 11
Train loss: 0.6643481850624084, train accuracy: 0.5859375
Validating:
Validate loss: 0.6867824196815491, validate accuracy: 0.608, ensemble accuracy: 0.6, F1: 0.5.
Epoch 12
Train loss: 0.660952091217041, train accuracy: 0.6015625
Validating:
Validate loss: 0.6784846186637878, validate accuracy: 0.612, ensemble accuracy: 0.6, F1: 0.5.
Epoch 13
Train loss: 0.6428751349449158, train accuracy: 0.6328125
Validating:
Validate loss: 0.6845982074737549, validate accuracy: 0.61, ensemble accuracy: 0.6, F1: 0.5.
Epoch 14
Train loss: 0.6557366847991943, train accuracy: 0.625
Validating:
Validate loss: 0.6844024658203125, validate accuracy: 0.614, ensemble accuracy: 0.6, F1: 0.5.
Epoch 15
Train loss: 0.6588267683982849, train accuracy: 0.6171875
Validating:
Validate loss: 0.6909128427505493, validate accuracy: 0.608, ensemble accuracy: 0.6, F1: 0.5.
Epoch 16
Train loss: 0.6640623211860657, train accuracy: 0.5703125
Validating:
Validate loss: 0.6867942214012146, validate accuracy: 0.616, ensemble accuracy: 0.6, F1: 0.5.
Epoch 17
Train loss: 0.6601454615592957, train accuracy: 0.6015625
Validating:
Validate loss: 0.6858528852462769, validate accuracy: 0.604, ensemble accuracy: 0.6, F1: 0.5.
Epoch 18
Train loss: 0.633811354637146, train accuracy: 0.6953125
Validating:
Validate loss: 0.6905961632728577, validate accuracy: 0.604, ensemble accuracy: 0.6, F1: 0.5.
Epoch 19
Train loss: 0.6668903231620789, train accuracy: 0.59375
Validating:
Validate loss: 0.6793355345726013, validate accuracy: 0.608, ensemble accuracy: 0.6, F1: 0.5.
Epoch 20
Train loss: 0.6513886451721191, train accuracy: 0.6015625
Validating:
Validate loss: 0.6835869550704956, validate accuracy: 0.602, ensemble accuracy: 0.6, F1: 0.5.
Training Finished.
############ Fold 3 Network accuracy: 0.6
###################### Fold 4 ######################
Use CUDA
log location: logs
Optimizer configuration:
AdamW (
Parameter Group 0
    amsgrad: False
    betas: (0.9, 0.999)
    capturable: False
    differentiable: False
    eps: 1e-08
    foreach: None
    fused: None
    lr: 0.0001
    maximize: False
    weight_decay: 0.0001
)
Trainer Initialization Finished.
Epoch 1
Train loss: 0.6896086931228638, train accuracy: 0.5703125
Validating:
Validate loss: 0.6683148741722107, validate accuracy: 0.634, ensemble accuracy: 0.8, F1: 0.0.
Epoch 2
Train loss: 0.6711632013320923, train accuracy: 0.6328125
Validating:
Validate loss: 0.7040400505065918, validate accuracy: 0.598, ensemble accuracy: 0.4, F1: 0.0.
Epoch 3
Train loss: 0.6611292362213135, train accuracy: 0.6015625
Validating:
Validate loss: 0.7341098785400391, validate accuracy: 0.528, ensemble accuracy: 0.4, F1: 0.0.
Epoch 4
Train loss: 0.6555601358413696, train accuracy: 0.5625
Validating:
Validate loss: 0.7444708943367004, validate accuracy: 0.516, ensemble accuracy: 0.4, F1: 0.0.
Epoch 5
Train loss: 0.6516112685203552, train accuracy: 0.5703125
Validating:
Validate loss: 0.7514591217041016, validate accuracy: 0.502, ensemble accuracy: 0.4, F1: 0.0.
Epoch 6
Train loss: 0.6197906136512756, train accuracy: 0.6796875
Validating:
Validate loss: 0.7750499844551086, validate accuracy: 0.488, ensemble accuracy: 0.4, F1: 0.0.
Epoch 7
Train loss: 0.6608231663703918, train accuracy: 0.5859375
Validating:
Validate loss: 0.7735417485237122, validate accuracy: 0.48, ensemble accuracy: 0.4, F1: 0.0.
Epoch 8
Train loss: 0.6114475131034851, train accuracy: 0.6640625
Validating:
Validate loss: 0.7642919421195984, validate accuracy: 0.496, ensemble accuracy: 0.4, F1: 0.0.
Epoch 9
Train loss: 0.6440932154655457, train accuracy: 0.6484375
Validating:
Validate loss: 0.7785140872001648, validate accuracy: 0.478, ensemble accuracy: 0.4, F1: 0.0.
Epoch 10
Train loss: 0.7149140238761902, train accuracy: 0.5
Validating:
Validate loss: 0.7901924252510071, validate accuracy: 0.472, ensemble accuracy: 0.4, F1: 0.0.
Epoch 11
Train loss: 0.6568124890327454, train accuracy: 0.609375
Validating:
Validate loss: 0.7685883045196533, validate accuracy: 0.486, ensemble accuracy: 0.4, F1: 0.0.
Epoch 12
Train loss: 0.6645060181617737, train accuracy: 0.65625
Validating:
Validate loss: 0.7901513576507568, validate accuracy: 0.462, ensemble accuracy: 0.4, F1: 0.0.
Epoch 13
Train loss: 0.6336742043495178, train accuracy: 0.6171875
Validating:
Validate loss: 0.7877945303916931, validate accuracy: 0.462, ensemble accuracy: 0.4, F1: 0.0.
Epoch 14
Train loss: 0.6288132667541504, train accuracy: 0.6484375
Validating:
Validate loss: 0.7896544337272644, validate accuracy: 0.456, ensemble accuracy: 0.4, F1: 0.0.
Epoch 15
Train loss: 0.6611738204956055, train accuracy: 0.5703125
Validating:
Validate loss: 0.8012827634811401, validate accuracy: 0.448, ensemble accuracy: 0.4, F1: 0.0.
Epoch 16
Train loss: 0.597855806350708, train accuracy: 0.6875
Validating:
Validate loss: 0.7830682396888733, validate accuracy: 0.462, ensemble accuracy: 0.4, F1: 0.0.
Epoch 17
Train loss: 0.6875526905059814, train accuracy: 0.5546875
Validating:
Validate loss: 0.793674886226654, validate accuracy: 0.448, ensemble accuracy: 0.4, F1: 0.0.
Epoch 18
Train loss: 0.6800612807273865, train accuracy: 0.578125
Validating:
Validate loss: 0.7832050919532776, validate accuracy: 0.46, ensemble accuracy: 0.4, F1: 0.0.
Epoch 19
Train loss: 0.6293142437934875, train accuracy: 0.6171875
Validating:
Validate loss: 0.8000115156173706, validate accuracy: 0.448, ensemble accuracy: 0.4, F1: 0.0.
Epoch 20
Train loss: 0.6387704610824585, train accuracy: 0.6875
Validating:
Validate loss: 0.7986318469047546, validate accuracy: 0.448, ensemble accuracy: 0.4, F1: 0.0.
Training Finished.
############ Fold 4 Network accuracy: 0.4
###################### Fold 5 ######################
Use CUDA
log location: logs
Optimizer configuration:
AdamW (
Parameter Group 0
    amsgrad: False
    betas: (0.9, 0.999)
    capturable: False
    differentiable: False
    eps: 1e-08
    foreach: None
    fused: None
    lr: 0.0001
    maximize: False
    weight_decay: 0.0001
)
Trainer Initialization Finished.
Epoch 1
Train loss: 0.6821667551994324, train accuracy: 0.5703125
Validating:
Validate loss: 0.7120894193649292, validate accuracy: 0.44, ensemble accuracy: 0.4, F1: 0.0.
Epoch 2
Train loss: 0.658316433429718, train accuracy: 0.6640625
Validating:
Validate loss: 0.7062845230102539, validate accuracy: 0.518, ensemble accuracy: 0.6, F1: 0.5.
Epoch 3
Train loss: 0.6726865768432617, train accuracy: 0.578125
Validating:
Validate loss: 0.7011127471923828, validate accuracy: 0.562, ensemble accuracy: 0.6, F1: 0.5.
Epoch 4
Train loss: 0.6323857307434082, train accuracy: 0.7109375
Validating:
Validate loss: 0.6994556784629822, validate accuracy: 0.56, ensemble accuracy: 0.6, F1: 0.5.
Epoch 5
Train loss: 0.7115598917007446, train accuracy: 0.5546875
Validating:
Validate loss: 0.6962442994117737, validate accuracy: 0.578, ensemble accuracy: 0.6, F1: 0.5.
Epoch 6
Train loss: 0.6404175162315369, train accuracy: 0.671875
Validating:
Validate loss: 0.6988665461540222, validate accuracy: 0.562, ensemble accuracy: 0.6, F1: 0.5.
Epoch 7
Train loss: 0.6863905191421509, train accuracy: 0.609375
Validating:
Validate loss: 0.7001387476921082, validate accuracy: 0.564, ensemble accuracy: 0.6, F1: 0.5.
Epoch 8
Train loss: 0.6872881054878235, train accuracy: 0.5703125
Validating:
Validate loss: 0.6911412477493286, validate accuracy: 0.586, ensemble accuracy: 0.6, F1: 0.5.
Epoch 9
Train loss: 0.6619129776954651, train accuracy: 0.609375
Validating:
Validate loss: 0.6918933987617493, validate accuracy: 0.582, ensemble accuracy: 0.6, F1: 0.5.
Epoch 10
Train loss: 0.6503833532333374, train accuracy: 0.65625
Validating:
Validate loss: 0.6861292719841003, validate accuracy: 0.604, ensemble accuracy: 0.6, F1: 0.5.
Epoch 11
Train loss: 0.6777825951576233, train accuracy: 0.5546875
Validating:
Validate loss: 0.6836671233177185, validate accuracy: 0.612, ensemble accuracy: 0.6, F1: 0.5.
Epoch 12
Train loss: 0.6372463703155518, train accuracy: 0.6640625
Validating:
Validate loss: 0.6908572316169739, validate accuracy: 0.58, ensemble accuracy: 0.6, F1: 0.5.
Epoch 13
Train loss: 0.6513856053352356, train accuracy: 0.609375
Validating:
Validate loss: 0.6855418086051941, validate accuracy: 0.598, ensemble accuracy: 0.6, F1: 0.5.
Epoch 14
Train loss: 0.659615695476532, train accuracy: 0.6015625
Validating:
Validate loss: 0.6848916411399841, validate accuracy: 0.604, ensemble accuracy: 0.6, F1: 0.5.
Epoch 15
Train loss: 0.6932774186134338, train accuracy: 0.5234375
Validating:
Validate loss: 0.6889057159423828, validate accuracy: 0.6, ensemble accuracy: 0.6, F1: 0.5.
Epoch 16
Train loss: 0.675438642501831, train accuracy: 0.5625
Validating:
Validate loss: 0.6781641244888306, validate accuracy: 0.614, ensemble accuracy: 0.6, F1: 0.5.
Epoch 17
Train loss: 0.6550673246383667, train accuracy: 0.59375
Validating:
Validate loss: 0.6750496625900269, validate accuracy: 0.624, ensemble accuracy: 0.6, F1: 0.5.
Epoch 18
Train loss: 0.6784111857414246, train accuracy: 0.53125
Validating:
Validate loss: 0.6819126009941101, validate accuracy: 0.614, ensemble accuracy: 0.6, F1: 0.5.
Epoch 19
Train loss: 0.6710034012794495, train accuracy: 0.5703125
Validating:
Validate loss: 0.6775783896446228, validate accuracy: 0.616, ensemble accuracy: 0.6, F1: 0.5.
Epoch 20
Train loss: 0.6789589524269104, train accuracy: 0.59375
Validating:
Validate loss: 0.6858110427856445, validate accuracy: 0.606, ensemble accuracy: 0.6, F1: 0.5.
Training Finished.
############ Fold 5 Network accuracy: 0.6
###################### Fold 6 ######################
Use CUDA
log location: logs
Optimizer configuration:
AdamW (
Parameter Group 0
    amsgrad: False
    betas: (0.9, 0.999)
    capturable: False
    differentiable: False
    eps: 1e-08
    foreach: None
    fused: None
    lr: 0.0001
    maximize: False
    weight_decay: 0.0001
)
Trainer Initialization Finished.
Epoch 1
Train loss: 0.6871163845062256, train accuracy: 0.5859375
Validating:
Validate loss: 0.6904816031455994, validate accuracy: 0.61, ensemble accuracy: 0.6, F1: 0.0.
Epoch 2
Train loss: 0.6999107003211975, train accuracy: 0.5390625
Validating:
Validate loss: 0.6919529438018799, validate accuracy: 0.576, ensemble accuracy: 0.8, F1: 0.6666666666666666.
Epoch 3
Train loss: 0.6359953880310059, train accuracy: 0.6796875
Validating:
Validate loss: 0.6923670768737793, validate accuracy: 0.562, ensemble accuracy: 0.8, F1: 0.6666666666666666.
Epoch 4
Train loss: 0.6354414224624634, train accuracy: 0.6640625
Validating:
Validate loss: 0.6971682906150818, validate accuracy: 0.544, ensemble accuracy: 0.4, F1: 0.4.
Epoch 5
Train loss: 0.6800340414047241, train accuracy: 0.5625
Validating:
Validate loss: 0.7045730352401733, validate accuracy: 0.528, ensemble accuracy: 0.4, F1: 0.4.
Epoch 6
Train loss: 0.6485648155212402, train accuracy: 0.625
Validating:
Validate loss: 0.7076241374015808, validate accuracy: 0.524, ensemble accuracy: 0.4, F1: 0.4.
Epoch 7
Train loss: 0.6611643433570862, train accuracy: 0.6015625
Validating:
Validate loss: 0.7037718296051025, validate accuracy: 0.522, ensemble accuracy: 0.4, F1: 0.4.
Epoch 8
Train loss: 0.6351470351219177, train accuracy: 0.640625
Validating:
Validate loss: 0.7115837335586548, validate accuracy: 0.502, ensemble accuracy: 0.4, F1: 0.4.
Epoch 9
Train loss: 0.6515648365020752, train accuracy: 0.65625
Validating:
Validate loss: 0.7040224671363831, validate accuracy: 0.534, ensemble accuracy: 0.4, F1: 0.4.
Epoch 10
Train loss: 0.6453312039375305, train accuracy: 0.6796875
Validating:
Validate loss: 0.7151114344596863, validate accuracy: 0.484, ensemble accuracy: 0.4, F1: 0.4.
Epoch 11
Train loss: 0.675868570804596, train accuracy: 0.5703125
Validating:
Validate loss: 0.7124146223068237, validate accuracy: 0.502, ensemble accuracy: 0.4, F1: 0.4.
Epoch 12
Train loss: 0.6427905559539795, train accuracy: 0.6484375
Validating:
Validate loss: 0.7141472101211548, validate accuracy: 0.512, ensemble accuracy: 0.4, F1: 0.4.
Epoch 13
Train loss: 0.6238616704940796, train accuracy: 0.6640625
Validating:
Validate loss: 0.7171158194541931, validate accuracy: 0.49, ensemble accuracy: 0.4, F1: 0.4.
Epoch 14
Train loss: 0.6991101503372192, train accuracy: 0.5703125
Validating:
Validate loss: 0.7184159159660339, validate accuracy: 0.494, ensemble accuracy: 0.4, F1: 0.4.
Epoch 15
Train loss: 0.6619842648506165, train accuracy: 0.6328125
Validating:
Validate loss: 0.7239617705345154, validate accuracy: 0.48, ensemble accuracy: 0.4, F1: 0.4.
Epoch 16
Train loss: 0.6399187445640564, train accuracy: 0.625
Validating:
Validate loss: 0.7202302813529968, validate accuracy: 0.49, ensemble accuracy: 0.4, F1: 0.4.
Epoch 17
Train loss: 0.5988097190856934, train accuracy: 0.7265625
Validating:
Validate loss: 0.725121021270752, validate accuracy: 0.48, ensemble accuracy: 0.4, F1: 0.4.
Epoch 18
Train loss: 0.6648957133293152, train accuracy: 0.6015625
Validating:
Validate loss: 0.722217321395874, validate accuracy: 0.484, ensemble accuracy: 0.4, F1: 0.4.
Epoch 19
Train loss: 0.6813386678695679, train accuracy: 0.5703125
Validating:
Validate loss: 0.7281200885772705, validate accuracy: 0.478, ensemble accuracy: 0.4, F1: 0.4.
Epoch 20
Train loss: 0.685242772102356, train accuracy: 0.5390625
Validating:
Validate loss: 0.7356616854667664, validate accuracy: 0.47, ensemble accuracy: 0.4, F1: 0.4.
Training Finished.
############ Fold 6 Network accuracy: 0.4
###################### Fold 7 ######################
Use CUDA
log location: logs
Optimizer configuration:
AdamW (
Parameter Group 0
    amsgrad: False
    betas: (0.9, 0.999)
    capturable: False
    differentiable: False
    eps: 1e-08
    foreach: None
    fused: None
    lr: 0.0001
    maximize: False
    weight_decay: 0.0001
)
Trainer Initialization Finished.
Epoch 1
Train loss: 0.6661774516105652, train accuracy: 0.640625
Validating:
Validate loss: 0.7654074430465698, validate accuracy: 0.688, ensemble accuracy: 0.8, F1: 0.0.
Epoch 2
Train loss: 0.6824783682823181, train accuracy: 0.5625
Validating:
Validate loss: 0.8052992224693298, validate accuracy: 0.632, ensemble accuracy: 0.6, F1: 0.0.
Epoch 3
Train loss: 0.680568277835846, train accuracy: 0.5390625
Validating:
Validate loss: 0.8049460053443909, validate accuracy: 0.584, ensemble accuracy: 0.6, F1: 0.0.
Epoch 4
Train loss: 0.6858033537864685, train accuracy: 0.59375
Validating:
Validate loss: 0.7867856025695801, validate accuracy: 0.594, ensemble accuracy: 0.6, F1: 0.0.
Epoch 5
Train loss: 0.6512793302536011, train accuracy: 0.6328125
Validating:
Validate loss: 0.772665798664093, validate accuracy: 0.6, ensemble accuracy: 0.4, F1: 0.0.
Epoch 6
Train loss: 0.640669584274292, train accuracy: 0.640625
Validating:
Validate loss: 0.7839005589485168, validate accuracy: 0.598, ensemble accuracy: 0.4, F1: 0.0.
Epoch 7
Train loss: 0.6822457909584045, train accuracy: 0.578125
Validating:
Validate loss: 0.8064747452735901, validate accuracy: 0.562, ensemble accuracy: 0.4, F1: 0.0.
Epoch 8
Train loss: 0.6413183808326721, train accuracy: 0.6484375
Validating:
Validate loss: 0.7935037612915039, validate accuracy: 0.58, ensemble accuracy: 0.4, F1: 0.0.
Epoch 9
Train loss: 0.6833081245422363, train accuracy: 0.5546875
Validating:
Validate loss: 0.8167368173599243, validate accuracy: 0.548, ensemble accuracy: 0.4, F1: 0.0.
Epoch 10
Train loss: 0.6865125894546509, train accuracy: 0.5390625
Validating:
Validate loss: 0.8126059770584106, validate accuracy: 0.546, ensemble accuracy: 0.4, F1: 0.0.
Epoch 11
Train loss: 0.6547446846961975, train accuracy: 0.59375
Validating:
Validate loss: 0.793658971786499, validate accuracy: 0.564, ensemble accuracy: 0.4, F1: 0.0.
Epoch 12
Train loss: 0.6377060413360596, train accuracy: 0.6171875
Validating:
Validate loss: 0.8119500875473022, validate accuracy: 0.538, ensemble accuracy: 0.4, F1: 0.0.
Epoch 13
Train loss: 0.679179847240448, train accuracy: 0.4921875
Validating:
Validate loss: 0.8283298015594482, validate accuracy: 0.526, ensemble accuracy: 0.4, F1: 0.0.
Epoch 14
Train loss: 0.6597419381141663, train accuracy: 0.609375
Validating:
Validate loss: 0.8017178773880005, validate accuracy: 0.552, ensemble accuracy: 0.4, F1: 0.0.
Epoch 15
Train loss: 0.6626690030097961, train accuracy: 0.6484375
Validating:
Validate loss: 0.8201536536216736, validate accuracy: 0.526, ensemble accuracy: 0.4, F1: 0.0.
Epoch 16
Train loss: 0.6717007160186768, train accuracy: 0.5546875
Validating:
Validate loss: 0.8475637435913086, validate accuracy: 0.512, ensemble accuracy: 0.4, F1: 0.0.
Epoch 17
Train loss: 0.6425179243087769, train accuracy: 0.5859375
Validating:
Validate loss: 0.8046097159385681, validate accuracy: 0.55, ensemble accuracy: 0.4, F1: 0.0.
Epoch 18
Train loss: 0.655290424823761, train accuracy: 0.6015625
Validating:
Validate loss: 0.840734601020813, validate accuracy: 0.498, ensemble accuracy: 0.4, F1: 0.0.
Epoch 19
Train loss: 0.6588183641433716, train accuracy: 0.59375
Validating:
Validate loss: 0.8106534481048584, validate accuracy: 0.53, ensemble accuracy: 0.4, F1: 0.0.
Epoch 20
Train loss: 0.6430909037590027, train accuracy: 0.625
Validating:
Validate loss: 0.813412070274353, validate accuracy: 0.522, ensemble accuracy: 0.4, F1: 0.0.
Training Finished.
############ Fold 7 Network accuracy: 0.4
###################### Fold 8 ######################
Use CUDA
log location: logs
Optimizer configuration:
AdamW (
Parameter Group 0
    amsgrad: False
    betas: (0.9, 0.999)
    capturable: False
    differentiable: False
    eps: 1e-08
    foreach: None
    fused: None
    lr: 0.0001
    maximize: False
    weight_decay: 0.0001
)
Trainer Initialization Finished.
Epoch 1
Train loss: 0.6785809993743896, train accuracy: 0.6328125
Validating:
Validate loss: 0.6399884223937988, validate accuracy: 0.63, ensemble accuracy: 0.6, F1: 0.5.
Epoch 2
Train loss: 0.6581021547317505, train accuracy: 0.640625
Validating:
Validate loss: 0.6355214715003967, validate accuracy: 0.692, ensemble accuracy: 0.8, F1: 0.8.
Epoch 3
Train loss: 0.6889467835426331, train accuracy: 0.5078125
Validating:
Validate loss: 0.6639338135719299, validate accuracy: 0.67, ensemble accuracy: 0.6, F1: 0.5.
Epoch 4
Train loss: 0.6960221529006958, train accuracy: 0.6640625
Validating:
Validate loss: 0.673146665096283, validate accuracy: 0.65, ensemble accuracy: 0.6, F1: 0.5.
Epoch 5
Train loss: 0.6694748401641846, train accuracy: 0.625
Validating:
Validate loss: 0.6629429459571838, validate accuracy: 0.682, ensemble accuracy: 0.8, F1: 0.8.
Epoch 6
Train loss: 0.6892999410629272, train accuracy: 0.625
Validating:
Validate loss: 0.6669551730155945, validate accuracy: 0.682, ensemble accuracy: 0.8, F1: 0.8.
Epoch 7
Train loss: 0.6567115783691406, train accuracy: 0.65625
Validating:
Validate loss: 0.6601278185844421, validate accuracy: 0.686, ensemble accuracy: 0.8, F1: 0.8.
Epoch 8
Train loss: 0.6733189821243286, train accuracy: 0.5703125
Validating:
Validate loss: 0.6675398945808411, validate accuracy: 0.686, ensemble accuracy: 0.8, F1: 0.8.
Epoch 9
Train loss: 0.6683217287063599, train accuracy: 0.6328125
Validating:
Validate loss: 0.6603419780731201, validate accuracy: 0.686, ensemble accuracy: 0.8, F1: 0.8.
Epoch 10
Train loss: 0.665450930595398, train accuracy: 0.6015625
Validating:
Validate loss: 0.6610926389694214, validate accuracy: 0.682, ensemble accuracy: 0.8, F1: 0.8.
Epoch 11
Train loss: 0.658490002155304, train accuracy: 0.609375
Validating:
Validate loss: 0.6614505648612976, validate accuracy: 0.68, ensemble accuracy: 0.8, F1: 0.8.
Epoch 12
Train loss: 0.6424758434295654, train accuracy: 0.6640625
Validating:
Validate loss: 0.6554147005081177, validate accuracy: 0.696, ensemble accuracy: 0.8, F1: 0.8.
Epoch 13
Train loss: 0.6499834060668945, train accuracy: 0.6328125
Validating:
Validate loss: 0.6666425466537476, validate accuracy: 0.698, ensemble accuracy: 0.8, F1: 0.8.
Epoch 14
Train loss: 0.6792111396789551, train accuracy: 0.5546875
Validating:
Validate loss: 0.6592700481414795, validate accuracy: 0.696, ensemble accuracy: 0.8, F1: 0.8.
Epoch 15
Train loss: 0.6484892964363098, train accuracy: 0.640625
Validating:
Validate loss: 0.6657158136367798, validate accuracy: 0.68, ensemble accuracy: 0.8, F1: 0.8.
Epoch 16
Train loss: 0.6384592056274414, train accuracy: 0.6875
Validating:
Validate loss: 0.6525068879127502, validate accuracy: 0.716, ensemble accuracy: 0.8, F1: 0.8.
Epoch 17
Train loss: 0.6717596054077148, train accuracy: 0.5703125
Validating:
Validate loss: 0.6606435179710388, validate accuracy: 0.696, ensemble accuracy: 0.8, F1: 0.8.
Epoch 18
Train loss: 0.658280611038208, train accuracy: 0.6015625
Validating:
Validate loss: 0.6552700400352478, validate accuracy: 0.7, ensemble accuracy: 0.8, F1: 0.8.
Epoch 19
Train loss: 0.6836870908737183, train accuracy: 0.5625
Validating:
Validate loss: 0.6633861064910889, validate accuracy: 0.702, ensemble accuracy: 0.8, F1: 0.8.
Epoch 20
Train loss: 0.6651252508163452, train accuracy: 0.6015625
Validating:
Validate loss: 0.6639671921730042, validate accuracy: 0.71, ensemble accuracy: 0.8, F1: 0.8.
Training Finished.
############ Fold 8 Network accuracy: 0.8
###################### Fold 9 ######################
Use CUDA
log location: logs
Optimizer configuration:
AdamW (
Parameter Group 0
    amsgrad: False
    betas: (0.9, 0.999)
    capturable: False
    differentiable: False
    eps: 1e-08
    foreach: None
    fused: None
    lr: 0.0001
    maximize: False
    weight_decay: 0.0001
)
Trainer Initialization Finished.
Epoch 1
Train loss: 0.6758562922477722, train accuracy: 0.5859375
Validating:
Validate loss: 0.6866143941879272, validate accuracy: 0.492, ensemble accuracy: 0.8, F1: 0.8888888888888888.
Epoch 2
Train loss: 0.69337397813797, train accuracy: 0.6015625
Validating:
Validate loss: 0.7245588302612305, validate accuracy: 0.396, ensemble accuracy: 0.4, F1: 0.5714285714285714.
Epoch 3
Train loss: 0.6640358567237854, train accuracy: 0.6328125
Validating:
Validate loss: 0.7506245374679565, validate accuracy: 0.37, ensemble accuracy: 0.4, F1: 0.5714285714285714.
Epoch 4
Train loss: 0.6711655855178833, train accuracy: 0.625
Validating:
Validate loss: 0.7622902989387512, validate accuracy: 0.344, ensemble accuracy: 0.2, F1: 0.3333333333333333.
Epoch 5
Train loss: 0.6595078706741333, train accuracy: 0.6015625
Validating:
Validate loss: 0.7683706283569336, validate accuracy: 0.348, ensemble accuracy: 0.4, F1: 0.5714285714285714.
Epoch 6
Train loss: 0.6646586656570435, train accuracy: 0.6328125
Validating:
Validate loss: 0.7780313491821289, validate accuracy: 0.342, ensemble accuracy: 0.2, F1: 0.3333333333333333.
Epoch 7
Train loss: 0.6417079567909241, train accuracy: 0.671875
Validating:
Validate loss: 0.7665488719940186, validate accuracy: 0.342, ensemble accuracy: 0.2, F1: 0.3333333333333333.
Epoch 8
Train loss: 0.6728797554969788, train accuracy: 0.6015625
Validating:
Validate loss: 0.7860277891159058, validate accuracy: 0.324, ensemble accuracy: 0.2, F1: 0.3333333333333333.
Epoch 9
Train loss: 0.6492605805397034, train accuracy: 0.640625
Validating:
Validate loss: 0.7824603915214539, validate accuracy: 0.316, ensemble accuracy: 0.2, F1: 0.3333333333333333.
Epoch 10
Train loss: 0.6348159313201904, train accuracy: 0.640625
Validating:
Validate loss: 0.7792066931724548, validate accuracy: 0.318, ensemble accuracy: 0.2, F1: 0.3333333333333333.
Epoch 11
Train loss: 0.6850074529647827, train accuracy: 0.53125
Validating:
Validate loss: 0.7872641086578369, validate accuracy: 0.332, ensemble accuracy: 0.2, F1: 0.3333333333333333.
Epoch 12
Train loss: 0.699083149433136, train accuracy: 0.515625
Validating:
Validate loss: 0.7783583998680115, validate accuracy: 0.336, ensemble accuracy: 0.2, F1: 0.3333333333333333.
Epoch 13
Train loss: 0.6406835317611694, train accuracy: 0.609375
Validating:
Validate loss: 0.8041197061538696, validate accuracy: 0.294, ensemble accuracy: 0.2, F1: 0.3333333333333333.
Epoch 14
Train loss: 0.6613147854804993, train accuracy: 0.5703125
Validating:
Validate loss: 0.794914722442627, validate accuracy: 0.316, ensemble accuracy: 0.2, F1: 0.3333333333333333.
Epoch 15
Train loss: 0.640748918056488, train accuracy: 0.6328125
Validating:
Validate loss: 0.7908681035041809, validate accuracy: 0.318, ensemble accuracy: 0.2, F1: 0.3333333333333333.
Epoch 16
Train loss: 0.6696025133132935, train accuracy: 0.6171875
Validating:
Validate loss: 0.7895007729530334, validate accuracy: 0.328, ensemble accuracy: 0.2, F1: 0.3333333333333333.
Epoch 17
Train loss: 0.6571578979492188, train accuracy: 0.625
Validating:
Validate loss: 0.7801008224487305, validate accuracy: 0.334, ensemble accuracy: 0.2, F1: 0.3333333333333333.
Epoch 18
Train loss: 0.6293570399284363, train accuracy: 0.625
Validating:
Validate loss: 0.797713041305542, validate accuracy: 0.31, ensemble accuracy: 0.2, F1: 0.3333333333333333.
Epoch 19
Train loss: 0.6770139932632446, train accuracy: 0.609375
Validating:
Validate loss: 0.8021554350852966, validate accuracy: 0.318, ensemble accuracy: 0.2, F1: 0.3333333333333333.
Epoch 20
Train loss: 0.6449934244155884, train accuracy: 0.6328125
Validating:
Validate loss: 0.7855405807495117, validate accuracy: 0.33, ensemble accuracy: 0.2, F1: 0.3333333333333333.
Training Finished.
############ Fold 9 Network accuracy: 0.2
###################### Fold 10 ######################
Use CUDA
log location: logs
Optimizer configuration:
AdamW (
Parameter Group 0
    amsgrad: False
    betas: (0.9, 0.999)
    capturable: False
    differentiable: False
    eps: 1e-08
    foreach: None
    fused: None
    lr: 0.0001
    maximize: False
    weight_decay: 0.0001
)
Trainer Initialization Finished.
Epoch 1
Train loss: 0.6781379580497742, train accuracy: 0.6484375
Validating:
Validate loss: 0.6724068760871887, validate accuracy: 0.55625, ensemble accuracy: 0.375, F1: 0.5454545454545454.
Epoch 2
Train loss: 0.6792685389518738, train accuracy: 0.6328125
Validating:
Validate loss: 0.6436324691772461, validate accuracy: 0.61625, ensemble accuracy: 0.5, F1: 0.6.
Epoch 3
Train loss: 0.6557627320289612, train accuracy: 0.640625
Validating:
Validate loss: 0.629312858581543, validate accuracy: 0.61625, ensemble accuracy: 0.5, F1: 0.5.
Epoch 4
Train loss: 0.6678408980369568, train accuracy: 0.6171875
Validating:
Validate loss: 0.6284199285507203, validate accuracy: 0.6425, ensemble accuracy: 0.625, F1: 0.5714285714285714.
Epoch 5
Train loss: 0.6768050789833069, train accuracy: 0.578125
Validating:
Validate loss: 0.6292554092407227, validate accuracy: 0.6175, ensemble accuracy: 0.5, F1: 0.5.
Epoch 6
Train loss: 0.668115496635437, train accuracy: 0.5625
Validating:
Validate loss: 0.621909658908844, validate accuracy: 0.66, ensemble accuracy: 0.75, F1: 0.6666666666666666.
Epoch 7
Train loss: 0.6487661600112915, train accuracy: 0.6484375
Validating:
Validate loss: 0.6280827474594116, validate accuracy: 0.65375, ensemble accuracy: 0.75, F1: 0.6666666666666666.
Epoch 8
Train loss: 0.7015030384063721, train accuracy: 0.4921875
Validating:
Validate loss: 0.6277077651023865, validate accuracy: 0.60375, ensemble accuracy: 0.5, F1: 0.5.
Epoch 9
Train loss: 0.6610953211784363, train accuracy: 0.59375
Validating:
Validate loss: 0.626803970336914, validate accuracy: 0.62875, ensemble accuracy: 0.5, F1: 0.5.
Epoch 10
Train loss: 0.6649265885353088, train accuracy: 0.6015625
Validating:
Validate loss: 0.6283387446403503, validate accuracy: 0.655, ensemble accuracy: 0.75, F1: 0.6666666666666666.
Epoch 11
Train loss: 0.6782366633415222, train accuracy: 0.546875
Validating:
Validate loss: 0.6243905377388, validate accuracy: 0.6525, ensemble accuracy: 0.625, F1: 0.5714285714285714.
Epoch 12
Train loss: 0.6788357496261597, train accuracy: 0.6484375
Validating:
Validate loss: 0.6262960028648377, validate accuracy: 0.65625, ensemble accuracy: 0.75, F1: 0.6666666666666666.
Epoch 13
Train loss: 0.6805715560913086, train accuracy: 0.609375
Validating:
Validate loss: 0.6238456034660339, validate accuracy: 0.62875, ensemble accuracy: 0.5, F1: 0.5.
Epoch 14
Train loss: 0.689059317111969, train accuracy: 0.546875
Validating:
Validate loss: 0.6271065592765808, validate accuracy: 0.63, ensemble accuracy: 0.625, F1: 0.5714285714285714.
Epoch 15
Train loss: 0.672906756401062, train accuracy: 0.609375
Validating:
Validate loss: 0.621876654624939, validate accuracy: 0.65375, ensemble accuracy: 0.625, F1: 0.5714285714285714.
Epoch 16
Train loss: 0.6887438297271729, train accuracy: 0.5625
Validating:
Validate loss: 0.6242583703994751, validate accuracy: 0.615, ensemble accuracy: 0.625, F1: 0.5714285714285714.
Epoch 17
Train loss: 0.6632040739059448, train accuracy: 0.65625
Validating:
Validate loss: 0.6204968094825745, validate accuracy: 0.65625, ensemble accuracy: 0.75, F1: 0.6666666666666666.
Epoch 18
Train loss: 0.6715263724327087, train accuracy: 0.6015625
Validating:
Validate loss: 0.6206802415847779, validate accuracy: 0.65625, ensemble accuracy: 0.75, F1: 0.6666666666666666.
Epoch 19
Train loss: 0.659233570098877, train accuracy: 0.6328125
Validating:
Validate loss: 0.6278944659233093, validate accuracy: 0.63625, ensemble accuracy: 0.625, F1: 0.5714285714285714.
Epoch 20
Train loss: 0.6511653661727905, train accuracy: 0.6484375
Validating:
Validate loss: 0.6253797531127929, validate accuracy: 0.625, ensemble accuracy: 0.5, F1: 0.5.
Training Finished.
############ Fold 10 Network accuracy: 0.5
[0.8 0.6 0.6 0.4 0.6 0.4 0.4 0.8 0.2 0.5]
Average accuracy: 0.53
Full record:
[{'accuracy': 0.8, 'precision': 1.0, 'recall': 0.5, 'f1': 0.6666666666666666}, {'accuracy': 0.6, 'precision': 1.0, 'recall': 0.3333333333333333, 'f1': 0.5}, {'accuracy': 0.6, 'precision': 1.0, 'recall': 0.3333333333333333, 'f1': 0.5}, {'accuracy': 0.4, 'precision': 0.0, 'recall': 0.0, 'f1': 0.0}, {'accuracy': 0.6, 'precision': 1.0, 'recall': 0.3333333333333333, 'f1': 0.5}, {'accuracy': 0.4, 'precision': 0.3333333333333333, 'recall': 0.5, 'f1': 0.4}, {'accuracy': 0.4, 'precision': 0.0, 'recall': 0.0, 'f1': 0.0}, {'accuracy': 0.8, 'precision': 1.0, 'recall': 0.6666666666666666, 'f1': 0.8}, {'accuracy': 0.2, 'precision': 0.5, 'recall': 0.25, 'f1': 0.3333333333333333}, {'accuracy': 0.5, 'precision': 0.4, 'recall': 0.6666666666666666, 'f1': 0.5}]
Confusion Matrices:
[array([[3, 0],
       [1, 1]]), array([[2, 0],
       [2, 1]]), array([[2, 0],
       [2, 1]]), array([[2, 2],
       [1, 0]]), array([[2, 0],
       [2, 1]]), array([[1, 2],
       [1, 1]]), array([[2, 3],
       [0, 0]]), array([[2, 0],
       [1, 2]]), array([[0, 1],
       [3, 1]]), array([[2, 3],
       [1, 2]])]
!!!!!!!!!! CDFES on LSTM !!!!!!!!!!
unit_coef:
[[6.02719598 5.27755333 5.96621021]
 [8.80932232 8.37932332 8.47997543]
 [1.69403763 1.27880164 1.54670162]
 [0.80054468 0.52798252 0.67370461]]
###################### Fold 1 ######################
Use CUDA
log location: logs
Optimizer configuration:
AdamW (
Parameter Group 0
    amsgrad: False
    betas: (0.9, 0.999)
    capturable: False
    differentiable: False
    eps: 1e-08
    foreach: None
    fused: None
    lr: 0.0001
    maximize: False
    weight_decay: 0.0001
)
Trainer Initialization Finished.
Epoch 1
Train loss: 0.6970139145851135, train accuracy: 0.578125
Validating:
Validate loss: 0.7414332032203674, validate accuracy: 0.484, ensemble accuracy: 0.6, F1: 0.6666666666666666.
Epoch 2
Train loss: 0.7301542162895203, train accuracy: 0.46875
Validating:
Validate loss: 0.7076016068458557, validate accuracy: 0.526, ensemble accuracy: 0.6, F1: 0.5.
Epoch 3
Train loss: 0.6625775098800659, train accuracy: 0.625
Validating:
Validate loss: 0.6813329458236694, validate accuracy: 0.566, ensemble accuracy: 0.8, F1: 0.6666666666666666.
Epoch 4
Train loss: 0.6393474340438843, train accuracy: 0.578125
Validating:
Validate loss: 0.664634108543396, validate accuracy: 0.626, ensemble accuracy: 0.8, F1: 0.6666666666666666.
Epoch 5
Train loss: 0.6580199003219604, train accuracy: 0.6171875
Validating:
Validate loss: 0.6534802913665771, validate accuracy: 0.636, ensemble accuracy: 0.8, F1: 0.6666666666666666.
Epoch 6
Train loss: 0.6791260838508606, train accuracy: 0.578125
Validating:
Validate loss: 0.6472987532615662, validate accuracy: 0.654, ensemble accuracy: 0.8, F1: 0.6666666666666666.
Epoch 7
Train loss: 0.6727569699287415, train accuracy: 0.546875
Validating:
Validate loss: 0.6434945464134216, validate accuracy: 0.66, ensemble accuracy: 0.8, F1: 0.6666666666666666.
Epoch 8
Train loss: 0.6886374354362488, train accuracy: 0.5546875
Validating:
Validate loss: 0.6430990099906921, validate accuracy: 0.674, ensemble accuracy: 0.8, F1: 0.6666666666666666.
Epoch 9
Train loss: 0.6611159443855286, train accuracy: 0.609375
Validating:
Validate loss: 0.6414572596549988, validate accuracy: 0.672, ensemble accuracy: 0.8, F1: 0.6666666666666666.
Epoch 10
Train loss: 0.6710174083709717, train accuracy: 0.5625
Validating:
Validate loss: 0.6389614343643188, validate accuracy: 0.678, ensemble accuracy: 0.8, F1: 0.6666666666666666.
Epoch 11
Train loss: 0.6339253783226013, train accuracy: 0.6015625
Validating:
Validate loss: 0.639659583568573, validate accuracy: 0.67, ensemble accuracy: 0.8, F1: 0.6666666666666666.
Epoch 12
Train loss: 0.6731498837471008, train accuracy: 0.578125
Validating:
Validate loss: 0.638081967830658, validate accuracy: 0.676, ensemble accuracy: 0.8, F1: 0.6666666666666666.
Epoch 13
Train loss: 0.6529773473739624, train accuracy: 0.6015625
Validating:
Validate loss: 0.6401300430297852, validate accuracy: 0.664, ensemble accuracy: 0.8, F1: 0.6666666666666666.
Epoch 14
Train loss: 0.6240201592445374, train accuracy: 0.6171875
Validating:
Validate loss: 0.6376579403877258, validate accuracy: 0.68, ensemble accuracy: 0.8, F1: 0.6666666666666666.
Epoch 15
Train loss: 0.6557394862174988, train accuracy: 0.6015625
Validating:
Validate loss: 0.6373422145843506, validate accuracy: 0.682, ensemble accuracy: 0.8, F1: 0.6666666666666666.
Epoch 16
Train loss: 0.6513825058937073, train accuracy: 0.578125
Validating:
Validate loss: 0.6378249526023865, validate accuracy: 0.664, ensemble accuracy: 0.8, F1: 0.6666666666666666.
Epoch 17
Train loss: 0.6474501490592957, train accuracy: 0.625
Validating:
Validate loss: 0.6402385830879211, validate accuracy: 0.678, ensemble accuracy: 0.8, F1: 0.6666666666666666.
Epoch 18
Train loss: 0.6366062760353088, train accuracy: 0.625
Validating:
Validate loss: 0.636674702167511, validate accuracy: 0.682, ensemble accuracy: 0.8, F1: 0.6666666666666666.
Epoch 19
Train loss: 0.6388206481933594, train accuracy: 0.640625
Validating:
Validate loss: 0.6362895369529724, validate accuracy: 0.684, ensemble accuracy: 0.8, F1: 0.6666666666666666.
Epoch 20
Train loss: 0.6671412587165833, train accuracy: 0.5625
Validating:
Validate loss: 0.6367813348770142, validate accuracy: 0.676, ensemble accuracy: 0.8, F1: 0.6666666666666666.
Training Finished.
############ Fold 1 Network accuracy: 0.8
unit_coef:
[[5.96467316 5.33857796 5.99108339]
 [8.60332919 8.19017956 8.28858975]
 [1.66812986 1.29344171 1.53535304]
 [0.78450809 0.53257974 0.66776898]]
###################### Fold 2 ######################
Use CUDA
log location: logs
Optimizer configuration:
AdamW (
Parameter Group 0
    amsgrad: False
    betas: (0.9, 0.999)
    capturable: False
    differentiable: False
    eps: 1e-08
    foreach: None
    fused: None
    lr: 0.0001
    maximize: False
    weight_decay: 0.0001
)
Trainer Initialization Finished.
Epoch 1
Train loss: 0.7259333729743958, train accuracy: 0.546875
Validating:
Validate loss: 0.7090511322021484, validate accuracy: 0.556, ensemble accuracy: 0.8, F1: 0.8.
Epoch 2
Train loss: 0.7236701846122742, train accuracy: 0.4609375
Validating:
Validate loss: 0.6664286851882935, validate accuracy: 0.61, ensemble accuracy: 0.6, F1: 0.5.
Epoch 3
Train loss: 0.6754481196403503, train accuracy: 0.546875
Validating:
Validate loss: 0.6520509123802185, validate accuracy: 0.64, ensemble accuracy: 0.8, F1: 0.8.
Epoch 4
Train loss: 0.64590984582901, train accuracy: 0.59375
Validating:
Validate loss: 0.6462768912315369, validate accuracy: 0.64, ensemble accuracy: 0.8, F1: 0.8.
Epoch 5
Train loss: 0.6718364357948303, train accuracy: 0.5625
Validating:
Validate loss: 0.6451711058616638, validate accuracy: 0.65, ensemble accuracy: 0.8, F1: 0.8.
Epoch 6
Train loss: 0.6407366394996643, train accuracy: 0.578125
Validating:
Validate loss: 0.6481202244758606, validate accuracy: 0.644, ensemble accuracy: 0.8, F1: 0.8.
Epoch 7
Train loss: 0.6440948247909546, train accuracy: 0.6328125
Validating:
Validate loss: 0.6455817818641663, validate accuracy: 0.654, ensemble accuracy: 0.8, F1: 0.8.
Epoch 8
Train loss: 0.6250743865966797, train accuracy: 0.6484375
Validating:
Validate loss: 0.6450799107551575, validate accuracy: 0.656, ensemble accuracy: 0.8, F1: 0.8.
Epoch 9
Train loss: 0.6375285387039185, train accuracy: 0.65625
Validating:
Validate loss: 0.6412089467048645, validate accuracy: 0.662, ensemble accuracy: 0.8, F1: 0.8.
Epoch 10
Train loss: 0.6407594680786133, train accuracy: 0.6171875
Validating:
Validate loss: 0.6417698264122009, validate accuracy: 0.656, ensemble accuracy: 0.8, F1: 0.8.
Epoch 11
Train loss: 0.6557086706161499, train accuracy: 0.59375
Validating:
Validate loss: 0.6455592513084412, validate accuracy: 0.644, ensemble accuracy: 0.8, F1: 0.8.
Epoch 12
Train loss: 0.7083896398544312, train accuracy: 0.546875
Validating:
Validate loss: 0.6422215104103088, validate accuracy: 0.654, ensemble accuracy: 0.8, F1: 0.8.
Epoch 13
Train loss: 0.6266592144966125, train accuracy: 0.6640625
Validating:
Validate loss: 0.6440022587776184, validate accuracy: 0.646, ensemble accuracy: 0.8, F1: 0.8.
Epoch 14
Train loss: 0.6773107647895813, train accuracy: 0.59375
Validating:
Validate loss: 0.6389073133468628, validate accuracy: 0.652, ensemble accuracy: 0.8, F1: 0.8.
Epoch 15
Train loss: 0.686572253704071, train accuracy: 0.578125
Validating:
Validate loss: 0.6438325047492981, validate accuracy: 0.648, ensemble accuracy: 0.8, F1: 0.8.
Epoch 16
Train loss: 0.6389679312705994, train accuracy: 0.65625
Validating:
Validate loss: 0.6437653303146362, validate accuracy: 0.656, ensemble accuracy: 0.8, F1: 0.8.
Epoch 17
Train loss: 0.6425651907920837, train accuracy: 0.625
Validating:
Validate loss: 0.6435041427612305, validate accuracy: 0.654, ensemble accuracy: 0.8, F1: 0.8.
Epoch 18
Train loss: 0.6859546303749084, train accuracy: 0.5078125
Validating:
Validate loss: 0.6442223787307739, validate accuracy: 0.652, ensemble accuracy: 0.8, F1: 0.8.
Epoch 19
Train loss: 0.6133947968482971, train accuracy: 0.625
Validating:
Validate loss: 0.6418269276618958, validate accuracy: 0.658, ensemble accuracy: 0.8, F1: 0.8.
Epoch 20
Train loss: 0.6369839906692505, train accuracy: 0.6328125
Validating:
Validate loss: 0.6434624195098877, validate accuracy: 0.658, ensemble accuracy: 0.8, F1: 0.8.
Training Finished.
############ Fold 2 Network accuracy: 0.8
unit_coef:
[[5.80811314 5.16477119 5.85797302]
 [8.26504439 7.88276254 8.00519756]
 [1.61422649 1.24066204 1.47360119]
 [0.75475768 0.5128821  0.64227091]]
###################### Fold 3 ######################
Use CUDA
log location: logs
Optimizer configuration:
AdamW (
Parameter Group 0
    amsgrad: False
    betas: (0.9, 0.999)
    capturable: False
    differentiable: False
    eps: 1e-08
    foreach: None
    fused: None
    lr: 0.0001
    maximize: False
    weight_decay: 0.0001
)
Trainer Initialization Finished.
Epoch 1
Train loss: 0.7252643704414368, train accuracy: 0.46875
Validating:
Validate loss: 0.7718982696533203, validate accuracy: 0.326, ensemble accuracy: 0.0, F1: 0.0.
Epoch 2
Train loss: 0.6751736402511597, train accuracy: 0.5625
Validating:
Validate loss: 0.7435542345046997, validate accuracy: 0.43, ensemble accuracy: 0.4, F1: 0.4.
Epoch 3
Train loss: 0.6699835658073425, train accuracy: 0.5859375
Validating:
Validate loss: 0.712955117225647, validate accuracy: 0.5, ensemble accuracy: 0.6, F1: 0.5.
Epoch 4
Train loss: 0.6557390093803406, train accuracy: 0.578125
Validating:
Validate loss: 0.691367506980896, validate accuracy: 0.548, ensemble accuracy: 0.6, F1: 0.5.
Epoch 5
Train loss: 0.675252377986908, train accuracy: 0.59375
Validating:
Validate loss: 0.6909991502761841, validate accuracy: 0.552, ensemble accuracy: 0.6, F1: 0.5.
Epoch 6
Train loss: 0.6390303373336792, train accuracy: 0.6328125
Validating:
Validate loss: 0.6892470121383667, validate accuracy: 0.57, ensemble accuracy: 0.6, F1: 0.5.
Epoch 7
Train loss: 0.6423044800758362, train accuracy: 0.6015625
Validating:
Validate loss: 0.6866980791091919, validate accuracy: 0.574, ensemble accuracy: 0.6, F1: 0.5.
Epoch 8
Train loss: 0.640796959400177, train accuracy: 0.609375
Validating:
Validate loss: 0.681232750415802, validate accuracy: 0.578, ensemble accuracy: 0.6, F1: 0.5.
Epoch 9
Train loss: 0.6513510942459106, train accuracy: 0.6171875
Validating:
Validate loss: 0.6843064427375793, validate accuracy: 0.572, ensemble accuracy: 0.6, F1: 0.5.
Epoch 10
Train loss: 0.6560394167900085, train accuracy: 0.6171875
Validating:
Validate loss: 0.6848101615905762, validate accuracy: 0.568, ensemble accuracy: 0.6, F1: 0.5.
Epoch 11
Train loss: 0.6743617653846741, train accuracy: 0.53125
Validating:
Validate loss: 0.6807749271392822, validate accuracy: 0.568, ensemble accuracy: 0.6, F1: 0.5.
Epoch 12
Train loss: 0.6646356582641602, train accuracy: 0.578125
Validating:
Validate loss: 0.6817288398742676, validate accuracy: 0.576, ensemble accuracy: 0.6, F1: 0.5.
Epoch 13
Train loss: 0.670100212097168, train accuracy: 0.6015625
Validating:
Validate loss: 0.6814078688621521, validate accuracy: 0.576, ensemble accuracy: 0.6, F1: 0.5.
Epoch 14
Train loss: 0.6745407581329346, train accuracy: 0.5546875
Validating:
Validate loss: 0.6852942705154419, validate accuracy: 0.564, ensemble accuracy: 0.6, F1: 0.5.
Epoch 15
Train loss: 0.6693307161331177, train accuracy: 0.5859375
Validating:
Validate loss: 0.6813210248947144, validate accuracy: 0.568, ensemble accuracy: 0.6, F1: 0.5.
Epoch 16
Train loss: 0.6193792819976807, train accuracy: 0.625
Validating:
Validate loss: 0.6848440170288086, validate accuracy: 0.568, ensemble accuracy: 0.6, F1: 0.5.
Epoch 17
Train loss: 0.6449318528175354, train accuracy: 0.6015625
Validating:
Validate loss: 0.6831095218658447, validate accuracy: 0.57, ensemble accuracy: 0.6, F1: 0.5.
Epoch 18
Train loss: 0.6402644515037537, train accuracy: 0.609375
Validating:
Validate loss: 0.6790034770965576, validate accuracy: 0.574, ensemble accuracy: 0.6, F1: 0.5.
Epoch 19
Train loss: 0.6431978344917297, train accuracy: 0.6328125
Validating:
Validate loss: 0.6834737658500671, validate accuracy: 0.566, ensemble accuracy: 0.6, F1: 0.5.
Epoch 20
Train loss: 0.6553532481193542, train accuracy: 0.5859375
Validating:
Validate loss: 0.6860770583152771, validate accuracy: 0.564, ensemble accuracy: 0.6, F1: 0.5.
Training Finished.
############ Fold 3 Network accuracy: 0.6
unit_coef:
[[5.80374294 5.12744461 5.69888595]
 [8.50347764 8.16337448 8.25470852]
 [1.62107315 1.25560572 1.47448868]
 [0.74358108 0.50375745 0.62415951]]
###################### Fold 4 ######################
Use CUDA
log location: logs
Optimizer configuration:
AdamW (
Parameter Group 0
    amsgrad: False
    betas: (0.9, 0.999)
    capturable: False
    differentiable: False
    eps: 1e-08
    foreach: None
    fused: None
    lr: 0.0001
    maximize: False
    weight_decay: 0.0001
)
Trainer Initialization Finished.
Epoch 1
Train loss: 0.6559872627258301, train accuracy: 0.546875
Validating:
Validate loss: 0.7674708962440491, validate accuracy: 0.386, ensemble accuracy: 0.2, F1: 0.0.
Epoch 2
Train loss: 0.589999794960022, train accuracy: 0.65625
Validating:
Validate loss: 0.8006052374839783, validate accuracy: 0.412, ensemble accuracy: 0.2, F1: 0.0.
Epoch 3
Train loss: 0.6653809547424316, train accuracy: 0.609375
Validating:
Validate loss: 0.799904465675354, validate accuracy: 0.406, ensemble accuracy: 0.4, F1: 0.0.
Epoch 4
Train loss: 0.6461755633354187, train accuracy: 0.625
Validating:
Validate loss: 0.8083138465881348, validate accuracy: 0.392, ensemble accuracy: 0.2, F1: 0.0.
Epoch 5
Train loss: 0.6191808581352234, train accuracy: 0.6640625
Validating:
Validate loss: 0.8004829287528992, validate accuracy: 0.396, ensemble accuracy: 0.4, F1: 0.0.
Epoch 6
Train loss: 0.6350818872451782, train accuracy: 0.59375
Validating:
Validate loss: 0.7950091361999512, validate accuracy: 0.4, ensemble accuracy: 0.4, F1: 0.0.
Epoch 7
Train loss: 0.6856935620307922, train accuracy: 0.5234375
Validating:
Validate loss: 0.8004339337348938, validate accuracy: 0.396, ensemble accuracy: 0.4, F1: 0.0.
Epoch 8
Train loss: 0.6554787158966064, train accuracy: 0.5703125
Validating:
Validate loss: 0.801354169845581, validate accuracy: 0.394, ensemble accuracy: 0.4, F1: 0.0.
Epoch 9
Train loss: 0.640774130821228, train accuracy: 0.5859375
Validating:
Validate loss: 0.798303484916687, validate accuracy: 0.396, ensemble accuracy: 0.4, F1: 0.0.
Epoch 10
Train loss: 0.6361130475997925, train accuracy: 0.6328125
Validating:
Validate loss: 0.7991975545883179, validate accuracy: 0.39, ensemble accuracy: 0.4, F1: 0.0.
Epoch 11
Train loss: 0.6161447763442993, train accuracy: 0.6328125
Validating:
Validate loss: 0.7994623184204102, validate accuracy: 0.392, ensemble accuracy: 0.4, F1: 0.0.
Epoch 12
Train loss: 0.6576065421104431, train accuracy: 0.59375
Validating:
Validate loss: 0.8115766644477844, validate accuracy: 0.386, ensemble accuracy: 0.4, F1: 0.0.
Epoch 13
Train loss: 0.6367982625961304, train accuracy: 0.671875
Validating:
Validate loss: 0.8013888597488403, validate accuracy: 0.392, ensemble accuracy: 0.4, F1: 0.0.
Epoch 14
Train loss: 0.5744673609733582, train accuracy: 0.703125
Validating:
Validate loss: 0.8063563704490662, validate accuracy: 0.39, ensemble accuracy: 0.4, F1: 0.0.
Epoch 15
Train loss: 0.6216554641723633, train accuracy: 0.6875
Validating:
Validate loss: 0.7995712161064148, validate accuracy: 0.4, ensemble accuracy: 0.4, F1: 0.0.
Epoch 16
Train loss: 0.6054507493972778, train accuracy: 0.6640625
Validating:
Validate loss: 0.8106503486633301, validate accuracy: 0.394, ensemble accuracy: 0.4, F1: 0.0.
Epoch 17
Train loss: 0.6171095371246338, train accuracy: 0.6796875
Validating:
Validate loss: 0.8094671368598938, validate accuracy: 0.398, ensemble accuracy: 0.4, F1: 0.0.
Epoch 18
Train loss: 0.620691180229187, train accuracy: 0.6796875
Validating:
Validate loss: 0.8073064088821411, validate accuracy: 0.398, ensemble accuracy: 0.4, F1: 0.0.
Epoch 19
Train loss: 0.6506361961364746, train accuracy: 0.6328125
Validating:
Validate loss: 0.804159939289093, validate accuracy: 0.402, ensemble accuracy: 0.4, F1: 0.0.
Epoch 20
Train loss: 0.663068413734436, train accuracy: 0.6484375
Validating:
Validate loss: 0.8021960854530334, validate accuracy: 0.408, ensemble accuracy: 0.4, F1: 0.0.
Training Finished.
############ Fold 4 Network accuracy: 0.4
unit_coef:
[[6.02478493 5.37210591 6.0089252 ]
 [8.54776344 8.17395368 8.25310455]
 [1.66311657 1.29044804 1.51514703]
 [0.78629132 0.54124084 0.66924752]]
###################### Fold 5 ######################
Use CUDA
log location: logs
Optimizer configuration:
AdamW (
Parameter Group 0
    amsgrad: False
    betas: (0.9, 0.999)
    capturable: False
    differentiable: False
    eps: 1e-08
    foreach: None
    fused: None
    lr: 0.0001
    maximize: False
    weight_decay: 0.0001
)
Trainer Initialization Finished.
Epoch 1
Train loss: 0.7028962969779968, train accuracy: 0.515625
Validating:
Validate loss: 0.7179050445556641, validate accuracy: 0.51, ensemble accuracy: 0.4, F1: 0.0.
Epoch 2
Train loss: 0.7323200106620789, train accuracy: 0.453125
Validating:
Validate loss: 0.6954410076141357, validate accuracy: 0.568, ensemble accuracy: 0.6, F1: 0.5.
Epoch 3
Train loss: 0.6455631852149963, train accuracy: 0.6171875
Validating:
Validate loss: 0.6811627745628357, validate accuracy: 0.592, ensemble accuracy: 0.6, F1: 0.5.
Epoch 4
Train loss: 0.6601490378379822, train accuracy: 0.6015625
Validating:
Validate loss: 0.6715875864028931, validate accuracy: 0.602, ensemble accuracy: 0.6, F1: 0.5.
Epoch 5
Train loss: 0.6471356749534607, train accuracy: 0.625
Validating:
Validate loss: 0.6704393625259399, validate accuracy: 0.596, ensemble accuracy: 0.6, F1: 0.5.
Epoch 6
Train loss: 0.677104115486145, train accuracy: 0.578125
Validating:
Validate loss: 0.6761435270309448, validate accuracy: 0.594, ensemble accuracy: 0.6, F1: 0.5.
Epoch 7
Train loss: 0.6321600675582886, train accuracy: 0.6484375
Validating:
Validate loss: 0.6707502603530884, validate accuracy: 0.604, ensemble accuracy: 0.6, F1: 0.5.
Epoch 8
Train loss: 0.628864586353302, train accuracy: 0.6328125
Validating:
Validate loss: 0.6722118854522705, validate accuracy: 0.6, ensemble accuracy: 0.6, F1: 0.5.
Epoch 9
Train loss: 0.6356337666511536, train accuracy: 0.640625
Validating:
Validate loss: 0.6722351312637329, validate accuracy: 0.592, ensemble accuracy: 0.6, F1: 0.5.
Epoch 10
Train loss: 0.6408499479293823, train accuracy: 0.6015625
Validating:
Validate loss: 0.6740977168083191, validate accuracy: 0.592, ensemble accuracy: 0.6, F1: 0.5.
Epoch 11
Train loss: 0.6790086030960083, train accuracy: 0.5390625
Validating:
Validate loss: 0.6811764240264893, validate accuracy: 0.59, ensemble accuracy: 0.6, F1: 0.5.
Epoch 12
Train loss: 0.6581965088844299, train accuracy: 0.59375
Validating:
Validate loss: 0.6810591220855713, validate accuracy: 0.574, ensemble accuracy: 0.6, F1: 0.5.
Epoch 13
Train loss: 0.6631960868835449, train accuracy: 0.5859375
Validating:
Validate loss: 0.6857324242591858, validate accuracy: 0.574, ensemble accuracy: 0.6, F1: 0.5.
Epoch 14
Train loss: 0.6318079233169556, train accuracy: 0.6796875
Validating:
Validate loss: 0.683647096157074, validate accuracy: 0.57, ensemble accuracy: 0.6, F1: 0.5.
Epoch 15
Train loss: 0.6422615051269531, train accuracy: 0.65625
Validating:
Validate loss: 0.6881512999534607, validate accuracy: 0.552, ensemble accuracy: 0.6, F1: 0.5.
Epoch 16
Train loss: 0.6244503855705261, train accuracy: 0.671875
Validating:
Validate loss: 0.6878637075424194, validate accuracy: 0.556, ensemble accuracy: 0.6, F1: 0.5.
Epoch 17
Train loss: 0.6340698599815369, train accuracy: 0.6875
Validating:
Validate loss: 0.6872158050537109, validate accuracy: 0.566, ensemble accuracy: 0.6, F1: 0.5.
Epoch 18
Train loss: 0.6339715719223022, train accuracy: 0.6328125
Validating:
Validate loss: 0.6907010078430176, validate accuracy: 0.562, ensemble accuracy: 0.6, F1: 0.5.
Epoch 19
Train loss: 0.6168425679206848, train accuracy: 0.6171875
Validating:
Validate loss: 0.6913688778877258, validate accuracy: 0.556, ensemble accuracy: 0.6, F1: 0.5.
Epoch 20
Train loss: 0.7000126838684082, train accuracy: 0.5078125
Validating:
Validate loss: 0.6906833052635193, validate accuracy: 0.552, ensemble accuracy: 0.6, F1: 0.5.
Training Finished.
############ Fold 5 Network accuracy: 0.6
unit_coef:
[[5.84690495 5.21356412 5.85445704]
 [8.38621024 8.04495393 8.1195209 ]
 [1.58221511 1.24744742 1.49138887]
 [0.75288979 0.52504402 0.65541824]]
###################### Fold 6 ######################
Use CUDA
log location: logs
Optimizer configuration:
AdamW (
Parameter Group 0
    amsgrad: False
    betas: (0.9, 0.999)
    capturable: False
    differentiable: False
    eps: 1e-08
    foreach: None
    fused: None
    lr: 0.0001
    maximize: False
    weight_decay: 0.0001
)
Trainer Initialization Finished.
Epoch 1
Train loss: 0.741014301776886, train accuracy: 0.46875
Validating:
Validate loss: 0.6814456582069397, validate accuracy: 0.57, ensemble accuracy: 0.6, F1: 0.0.
Epoch 2
Train loss: 0.6859419941902161, train accuracy: 0.5234375
Validating:
Validate loss: 0.7083548307418823, validate accuracy: 0.538, ensemble accuracy: 0.8, F1: 0.6666666666666666.
Epoch 3
Train loss: 0.6476793885231018, train accuracy: 0.65625
Validating:
Validate loss: 0.7274236679077148, validate accuracy: 0.502, ensemble accuracy: 0.4, F1: 0.4.
Epoch 4
Train loss: 0.6368299126625061, train accuracy: 0.640625
Validating:
Validate loss: 0.7352327108383179, validate accuracy: 0.49, ensemble accuracy: 0.4, F1: 0.4.
Epoch 5
Train loss: 0.6047568321228027, train accuracy: 0.6953125
Validating:
Validate loss: 0.7414352297782898, validate accuracy: 0.482, ensemble accuracy: 0.4, F1: 0.4.
Epoch 6
Train loss: 0.6243939995765686, train accuracy: 0.625
Validating:
Validate loss: 0.741667628288269, validate accuracy: 0.484, ensemble accuracy: 0.4, F1: 0.4.
Epoch 7
Train loss: 0.6705962419509888, train accuracy: 0.5859375
Validating:
Validate loss: 0.7443857192993164, validate accuracy: 0.484, ensemble accuracy: 0.4, F1: 0.4.
Epoch 8
Train loss: 0.6902353763580322, train accuracy: 0.578125
Validating:
Validate loss: 0.7487375736236572, validate accuracy: 0.478, ensemble accuracy: 0.4, F1: 0.4.
Epoch 9
Train loss: 0.7068830132484436, train accuracy: 0.5234375
Validating:
Validate loss: 0.7514611482620239, validate accuracy: 0.484, ensemble accuracy: 0.4, F1: 0.4.
Epoch 10
Train loss: 0.6400505304336548, train accuracy: 0.640625
Validating:
Validate loss: 0.7557027339935303, validate accuracy: 0.474, ensemble accuracy: 0.4, F1: 0.4.
Epoch 11
Train loss: 0.6125255227088928, train accuracy: 0.6484375
Validating:
Validate loss: 0.7554672956466675, validate accuracy: 0.478, ensemble accuracy: 0.4, F1: 0.4.
Epoch 12
Train loss: 0.6265003681182861, train accuracy: 0.6484375
Validating:
Validate loss: 0.7527472376823425, validate accuracy: 0.476, ensemble accuracy: 0.4, F1: 0.4.
Epoch 13
Train loss: 0.607193648815155, train accuracy: 0.6484375
Validating:
Validate loss: 0.7557687759399414, validate accuracy: 0.474, ensemble accuracy: 0.4, F1: 0.4.
Epoch 14
Train loss: 0.6108454465866089, train accuracy: 0.65625
Validating:
Validate loss: 0.7571046948432922, validate accuracy: 0.468, ensemble accuracy: 0.4, F1: 0.4.
Epoch 15
Train loss: 0.5903632640838623, train accuracy: 0.640625
Validating:
Validate loss: 0.7562035322189331, validate accuracy: 0.47, ensemble accuracy: 0.4, F1: 0.4.
Epoch 16
Train loss: 0.6542655825614929, train accuracy: 0.6015625
Validating:
Validate loss: 0.7612778544425964, validate accuracy: 0.472, ensemble accuracy: 0.4, F1: 0.4.
Epoch 17
Train loss: 0.6669180989265442, train accuracy: 0.578125
Validating:
Validate loss: 0.7660782337188721, validate accuracy: 0.476, ensemble accuracy: 0.4, F1: 0.4.
Epoch 18
Train loss: 0.6323939561843872, train accuracy: 0.609375
Validating:
Validate loss: 0.7601943612098694, validate accuracy: 0.478, ensemble accuracy: 0.4, F1: 0.4.
Epoch 19
Train loss: 0.6457759737968445, train accuracy: 0.625
Validating:
Validate loss: 0.7676128149032593, validate accuracy: 0.466, ensemble accuracy: 0.4, F1: 0.4.
Epoch 20
Train loss: 0.6242331266403198, train accuracy: 0.640625
Validating:
Validate loss: 0.7646511197090149, validate accuracy: 0.478, ensemble accuracy: 0.4, F1: 0.4.
Training Finished.
############ Fold 6 Network accuracy: 0.4
unit_coef:
[[5.71822766 5.05993199 5.63075152]
 [7.84610281 7.47208825 7.55844176]
 [1.57072576 1.20629491 1.41157214]
 [0.77296564 0.52468843 0.6347567 ]]
###################### Fold 7 ######################
Use CUDA
log location: logs
Optimizer configuration:
AdamW (
Parameter Group 0
    amsgrad: False
    betas: (0.9, 0.999)
    capturable: False
    differentiable: False
    eps: 1e-08
    foreach: None
    fused: None
    lr: 0.0001
    maximize: False
    weight_decay: 0.0001
)
Trainer Initialization Finished.
Epoch 1
Train loss: 0.6762286424636841, train accuracy: 0.640625
Validating:
Validate loss: 0.8235985040664673, validate accuracy: 0.404, ensemble accuracy: 0.4, F1: 0.0.
Epoch 2
Train loss: 0.7003963589668274, train accuracy: 0.5546875
Validating:
Validate loss: 0.8279443383216858, validate accuracy: 0.438, ensemble accuracy: 0.6, F1: 0.0.
Epoch 3
Train loss: 0.6227043271064758, train accuracy: 0.65625
Validating:
Validate loss: 0.820504367351532, validate accuracy: 0.424, ensemble accuracy: 0.6, F1: 0.0.
Epoch 4
Train loss: 0.6407317519187927, train accuracy: 0.640625
Validating:
Validate loss: 0.8296892642974854, validate accuracy: 0.402, ensemble accuracy: 0.4, F1: 0.0.
Epoch 5
Train loss: 0.6544198989868164, train accuracy: 0.6484375
Validating:
Validate loss: 0.8158197999000549, validate accuracy: 0.418, ensemble accuracy: 0.4, F1: 0.0.
Epoch 6
Train loss: 0.6535123586654663, train accuracy: 0.640625
Validating:
Validate loss: 0.8238441348075867, validate accuracy: 0.402, ensemble accuracy: 0.4, F1: 0.0.
Epoch 7
Train loss: 0.6656996011734009, train accuracy: 0.6015625
Validating:
Validate loss: 0.8281871676445007, validate accuracy: 0.402, ensemble accuracy: 0.4, F1: 0.0.
Epoch 8
Train loss: 0.6219674944877625, train accuracy: 0.6796875
Validating:
Validate loss: 0.8093065023422241, validate accuracy: 0.426, ensemble accuracy: 0.4, F1: 0.0.
Epoch 9
Train loss: 0.634652316570282, train accuracy: 0.65625
Validating:
Validate loss: 0.8256665468215942, validate accuracy: 0.418, ensemble accuracy: 0.4, F1: 0.0.
Epoch 10
Train loss: 0.6311052441596985, train accuracy: 0.640625
Validating:
Validate loss: 0.8077217936515808, validate accuracy: 0.428, ensemble accuracy: 0.4, F1: 0.0.
Epoch 11
Train loss: 0.6328520178794861, train accuracy: 0.65625
Validating:
Validate loss: 0.8038946986198425, validate accuracy: 0.444, ensemble accuracy: 0.4, F1: 0.0.
Epoch 12
Train loss: 0.629576563835144, train accuracy: 0.6328125
Validating:
Validate loss: 0.8185906410217285, validate accuracy: 0.422, ensemble accuracy: 0.4, F1: 0.0.
Epoch 13
Train loss: 0.6292850375175476, train accuracy: 0.625
Validating:
Validate loss: 0.815833568572998, validate accuracy: 0.424, ensemble accuracy: 0.4, F1: 0.0.
Epoch 14
Train loss: 0.5791396498680115, train accuracy: 0.734375
Validating:
Validate loss: 0.815902054309845, validate accuracy: 0.414, ensemble accuracy: 0.4, F1: 0.0.
Epoch 15
Train loss: 0.6190295219421387, train accuracy: 0.6640625
Validating:
Validate loss: 0.8173598647117615, validate accuracy: 0.412, ensemble accuracy: 0.4, F1: 0.0.
Epoch 16
Train loss: 0.665385365486145, train accuracy: 0.5703125
Validating:
Validate loss: 0.8083934783935547, validate accuracy: 0.418, ensemble accuracy: 0.4, F1: 0.0.
Epoch 17
Train loss: 0.6334178447723389, train accuracy: 0.6171875
Validating:
Validate loss: 0.8185689449310303, validate accuracy: 0.408, ensemble accuracy: 0.4, F1: 0.0.
Epoch 18
Train loss: 0.6223747134208679, train accuracy: 0.65625
Validating:
Validate loss: 0.8085837364196777, validate accuracy: 0.414, ensemble accuracy: 0.4, F1: 0.0.
Epoch 19
Train loss: 0.6654751896858215, train accuracy: 0.5703125
Validating:
Validate loss: 0.8306403160095215, validate accuracy: 0.384, ensemble accuracy: 0.4, F1: 0.0.
Epoch 20
Train loss: 0.6221257448196411, train accuracy: 0.65625
Validating:
Validate loss: 0.8176180720329285, validate accuracy: 0.396, ensemble accuracy: 0.4, F1: 0.0.
Training Finished.
############ Fold 7 Network accuracy: 0.4
unit_coef:
[[5.97207427 5.26452654 5.77527972]
 [7.92358569 7.46905031 7.51665431]
 [1.6026924  1.2320915  1.44778742]
 [0.7516118  0.50810365 0.62389012]]
###################### Fold 8 ######################
Use CUDA
log location: logs
Optimizer configuration:
AdamW (
Parameter Group 0
    amsgrad: False
    betas: (0.9, 0.999)
    capturable: False
    differentiable: False
    eps: 1e-08
    foreach: None
    fused: None
    lr: 0.0001
    maximize: False
    weight_decay: 0.0001
)
Trainer Initialization Finished.
Epoch 1
Train loss: 0.7148220539093018, train accuracy: 0.5078125
Validating:
Validate loss: 0.6700889468193054, validate accuracy: 0.576, ensemble accuracy: 0.8, F1: 0.8571428571428571.
Epoch 2
Train loss: 0.6778960824012756, train accuracy: 0.5546875
Validating:
Validate loss: 0.6247202754020691, validate accuracy: 0.696, ensemble accuracy: 1.0, F1: 1.0.
Epoch 3
Train loss: 0.6844936609268188, train accuracy: 0.5546875
Validating:
Validate loss: 0.601482629776001, validate accuracy: 0.756, ensemble accuracy: 1.0, F1: 1.0.
Epoch 4
Train loss: 0.6610857844352722, train accuracy: 0.5546875
Validating:
Validate loss: 0.5932826995849609, validate accuracy: 0.774, ensemble accuracy: 1.0, F1: 1.0.
Epoch 5
Train loss: 0.6871476769447327, train accuracy: 0.515625
Validating:
Validate loss: 0.5921702980995178, validate accuracy: 0.778, ensemble accuracy: 1.0, F1: 1.0.
Epoch 6
Train loss: 0.703316330909729, train accuracy: 0.5390625
Validating:
Validate loss: 0.5911058187484741, validate accuracy: 0.772, ensemble accuracy: 1.0, F1: 1.0.
Epoch 7
Train loss: 0.6665917634963989, train accuracy: 0.578125
Validating:
Validate loss: 0.605958878993988, validate accuracy: 0.742, ensemble accuracy: 1.0, F1: 1.0.
Epoch 8
Train loss: 0.6419548392295837, train accuracy: 0.6484375
Validating:
Validate loss: 0.6035276055335999, validate accuracy: 0.742, ensemble accuracy: 1.0, F1: 1.0.
Epoch 9
Train loss: 0.6655489206314087, train accuracy: 0.5625
Validating:
Validate loss: 0.6102034449577332, validate accuracy: 0.718, ensemble accuracy: 1.0, F1: 1.0.
Epoch 10
Train loss: 0.6636568307876587, train accuracy: 0.6015625
Validating:
Validate loss: 0.6085309386253357, validate accuracy: 0.72, ensemble accuracy: 1.0, F1: 1.0.
Epoch 11
Train loss: 0.6839749217033386, train accuracy: 0.59375
Validating:
Validate loss: 0.616372287273407, validate accuracy: 0.692, ensemble accuracy: 1.0, F1: 1.0.
Epoch 12
Train loss: 0.6625922322273254, train accuracy: 0.6015625
Validating:
Validate loss: 0.622370183467865, validate accuracy: 0.678, ensemble accuracy: 1.0, F1: 1.0.
Epoch 13
Train loss: 0.6312450170516968, train accuracy: 0.6171875
Validating:
Validate loss: 0.6204885244369507, validate accuracy: 0.682, ensemble accuracy: 1.0, F1: 1.0.
Epoch 14
Train loss: 0.6828632354736328, train accuracy: 0.6015625
Validating:
Validate loss: 0.6239264011383057, validate accuracy: 0.674, ensemble accuracy: 1.0, F1: 1.0.
Epoch 15
Train loss: 0.6528075933456421, train accuracy: 0.6015625
Validating:
Validate loss: 0.6259657144546509, validate accuracy: 0.664, ensemble accuracy: 1.0, F1: 1.0.
Epoch 16
Train loss: 0.6355709433555603, train accuracy: 0.65625
Validating:
Validate loss: 0.6338499784469604, validate accuracy: 0.654, ensemble accuracy: 1.0, F1: 1.0.
Epoch 17
Train loss: 0.6397482752799988, train accuracy: 0.625
Validating:
Validate loss: 0.6404674649238586, validate accuracy: 0.646, ensemble accuracy: 0.8, F1: 0.8.
Epoch 18
Train loss: 0.6333783268928528, train accuracy: 0.6328125
Validating:
Validate loss: 0.6345929503440857, validate accuracy: 0.656, ensemble accuracy: 1.0, F1: 1.0.
Epoch 19
Train loss: 0.625787615776062, train accuracy: 0.6484375
Validating:
Validate loss: 0.6396957039833069, validate accuracy: 0.634, ensemble accuracy: 0.8, F1: 0.8.
Epoch 20
Train loss: 0.6502415537834167, train accuracy: 0.6015625
Validating:
Validate loss: 0.6438981890678406, validate accuracy: 0.646, ensemble accuracy: 0.8, F1: 0.8.
Training Finished.
############ Fold 8 Network accuracy: 0.8
unit_coef:
[[5.81306325 5.12194171 5.77355268]
 [8.05429094 7.68092337 7.83448104]
 [1.59847162 1.23753693 1.47070167]
 [0.77307552 0.52695821 0.65597674]]
###################### Fold 9 ######################
Use CUDA
log location: logs
Optimizer configuration:
AdamW (
Parameter Group 0
    amsgrad: False
    betas: (0.9, 0.999)
    capturable: False
    differentiable: False
    eps: 1e-08
    foreach: None
    fused: None
    lr: 0.0001
    maximize: False
    weight_decay: 0.0001
)
Trainer Initialization Finished.
Epoch 1
Train loss: 0.7448463439941406, train accuracy: 0.5078125
Validating:
Validate loss: 0.7779039144515991, validate accuracy: 0.424, ensemble accuracy: 0.2, F1: 0.0.
Epoch 2
Train loss: 0.6910163164138794, train accuracy: 0.5859375
Validating:
Validate loss: 0.7812182903289795, validate accuracy: 0.396, ensemble accuracy: 0.2, F1: 0.0.
Epoch 3
Train loss: 0.6942278742790222, train accuracy: 0.4921875
Validating:
Validate loss: 0.7887935042381287, validate accuracy: 0.368, ensemble accuracy: 0.2, F1: 0.3333333333333333.
Epoch 4
Train loss: 0.6175198554992676, train accuracy: 0.6640625
Validating:
Validate loss: 0.7839248180389404, validate accuracy: 0.39, ensemble accuracy: 0.2, F1: 0.3333333333333333.
Epoch 5
Train loss: 0.6524984240531921, train accuracy: 0.640625
Validating:
Validate loss: 0.785209059715271, validate accuracy: 0.392, ensemble accuracy: 0.2, F1: 0.3333333333333333.
Epoch 6
Train loss: 0.7164650559425354, train accuracy: 0.5078125
Validating:
Validate loss: 0.7854506969451904, validate accuracy: 0.386, ensemble accuracy: 0.2, F1: 0.3333333333333333.
Epoch 7
Train loss: 0.6649085283279419, train accuracy: 0.609375
Validating:
Validate loss: 0.7932890057563782, validate accuracy: 0.392, ensemble accuracy: 0.2, F1: 0.3333333333333333.
Epoch 8
Train loss: 0.6564835906028748, train accuracy: 0.65625
Validating:
Validate loss: 0.7823296189308167, validate accuracy: 0.386, ensemble accuracy: 0.2, F1: 0.3333333333333333.
Epoch 9
Train loss: 0.6299487352371216, train accuracy: 0.6796875
Validating:
Validate loss: 0.7905920743942261, validate accuracy: 0.396, ensemble accuracy: 0.2, F1: 0.3333333333333333.
Epoch 10
Train loss: 0.6519164443016052, train accuracy: 0.6171875
Validating:
Validate loss: 0.7877413034439087, validate accuracy: 0.396, ensemble accuracy: 0.2, F1: 0.3333333333333333.
Epoch 11
Train loss: 0.6627306938171387, train accuracy: 0.59375
Validating:
Validate loss: 0.7891734838485718, validate accuracy: 0.39, ensemble accuracy: 0.2, F1: 0.3333333333333333.
Epoch 12
Train loss: 0.6381053924560547, train accuracy: 0.59375
Validating:
Validate loss: 0.7961776256561279, validate accuracy: 0.376, ensemble accuracy: 0.2, F1: 0.3333333333333333.
Epoch 13
Train loss: 0.6497933864593506, train accuracy: 0.640625
Validating:
Validate loss: 0.788465142250061, validate accuracy: 0.396, ensemble accuracy: 0.2, F1: 0.3333333333333333.
Epoch 14
Train loss: 0.6442635655403137, train accuracy: 0.625
Validating:
Validate loss: 0.788593590259552, validate accuracy: 0.386, ensemble accuracy: 0.4, F1: 0.5714285714285714.
Epoch 15
Train loss: 0.6467695236206055, train accuracy: 0.5546875
Validating:
Validate loss: 0.7862752079963684, validate accuracy: 0.398, ensemble accuracy: 0.4, F1: 0.5714285714285714.
Epoch 16
Train loss: 0.682132363319397, train accuracy: 0.59375
Validating:
Validate loss: 0.7903841733932495, validate accuracy: 0.388, ensemble accuracy: 0.2, F1: 0.3333333333333333.
Epoch 17
Train loss: 0.6372069716453552, train accuracy: 0.6328125
Validating:
Validate loss: 0.7858688831329346, validate accuracy: 0.384, ensemble accuracy: 0.4, F1: 0.5714285714285714.
Epoch 18
Train loss: 0.6411238312721252, train accuracy: 0.625
Validating:
Validate loss: 0.7889772057533264, validate accuracy: 0.382, ensemble accuracy: 0.4, F1: 0.5714285714285714.
Epoch 19
Train loss: 0.6555846333503723, train accuracy: 0.6015625
Validating:
Validate loss: 0.7819482088088989, validate accuracy: 0.398, ensemble accuracy: 0.4, F1: 0.5714285714285714.
Epoch 20
Train loss: 0.6035891771316528, train accuracy: 0.640625
Validating:
Validate loss: 0.7852514386177063, validate accuracy: 0.388, ensemble accuracy: 0.4, F1: 0.5714285714285714.
Training Finished.
############ Fold 9 Network accuracy: 0.4
unit_coef:
[[5.79836131 5.25618286 5.87886741]
 [8.32898497 7.97379858 8.0899408 ]
 [1.43125315 1.21869098 1.4787066 ]
 [0.62007999 0.49770404 0.63975696]]
###################### Fold 10 ######################
Use CUDA
log location: logs
Optimizer configuration:
AdamW (
Parameter Group 0
    amsgrad: False
    betas: (0.9, 0.999)
    capturable: False
    differentiable: False
    eps: 1e-08
    foreach: None
    fused: None
    lr: 0.0001
    maximize: False
    weight_decay: 0.0001
)
Trainer Initialization Finished.
Epoch 1
Train loss: 0.6914151310920715, train accuracy: 0.5859375
Validating:
Validate loss: 0.6313996291160584, validate accuracy: 0.67625, ensemble accuracy: 0.875, F1: 0.8.
Epoch 2
Train loss: 0.6991474628448486, train accuracy: 0.5703125
Validating:
Validate loss: 0.6127452325820922, validate accuracy: 0.66375, ensemble accuracy: 0.875, F1: 0.8.
Epoch 3
Train loss: 0.6751315593719482, train accuracy: 0.578125
Validating:
Validate loss: 0.6167260122299194, validate accuracy: 0.6625, ensemble accuracy: 0.75, F1: 0.6666666666666666.
Epoch 4
Train loss: 0.6207423806190491, train accuracy: 0.6640625
Validating:
Validate loss: 0.6216459321975708, validate accuracy: 0.635, ensemble accuracy: 0.75, F1: 0.6666666666666666.
Epoch 5
Train loss: 0.65426105260849, train accuracy: 0.65625
Validating:
Validate loss: 0.6219472217559815, validate accuracy: 0.6275, ensemble accuracy: 0.75, F1: 0.6666666666666666.
Epoch 6
Train loss: 0.6754044890403748, train accuracy: 0.6015625
Validating:
Validate loss: 0.6307599496841431, validate accuracy: 0.61125, ensemble accuracy: 0.75, F1: 0.6666666666666666.
Epoch 7
Train loss: 0.6570777893066406, train accuracy: 0.625
Validating:
Validate loss: 0.6331097340583801, validate accuracy: 0.61, ensemble accuracy: 0.625, F1: 0.5714285714285714.
Epoch 8
Train loss: 0.6349332332611084, train accuracy: 0.59375
Validating:
Validate loss: 0.631945116519928, validate accuracy: 0.6025, ensemble accuracy: 0.75, F1: 0.6666666666666666.
Epoch 9
Train loss: 0.6750268936157227, train accuracy: 0.6171875
Validating:
Validate loss: 0.635657639503479, validate accuracy: 0.595, ensemble accuracy: 0.625, F1: 0.5714285714285714.
Epoch 10
Train loss: 0.6244863867759705, train accuracy: 0.703125
Validating:
Validate loss: 0.639364972114563, validate accuracy: 0.58875, ensemble accuracy: 0.625, F1: 0.5714285714285714.
Epoch 11
Train loss: 0.6521670818328857, train accuracy: 0.6015625
Validating:
Validate loss: 0.6395376467704773, validate accuracy: 0.58875, ensemble accuracy: 0.625, F1: 0.5714285714285714.
Epoch 12
Train loss: 0.6832482218742371, train accuracy: 0.546875
Validating:
Validate loss: 0.6396968340873719, validate accuracy: 0.60125, ensemble accuracy: 0.75, F1: 0.6666666666666666.
Epoch 13
Train loss: 0.6744762659072876, train accuracy: 0.640625
Validating:
Validate loss: 0.6424169588088989, validate accuracy: 0.58125, ensemble accuracy: 0.625, F1: 0.5714285714285714.
Epoch 14
Train loss: 0.6410337090492249, train accuracy: 0.65625
Validating:
Validate loss: 0.6454689121246338, validate accuracy: 0.5725, ensemble accuracy: 0.625, F1: 0.5714285714285714.
Epoch 15
Train loss: 0.6700397729873657, train accuracy: 0.6015625
Validating:
Validate loss: 0.6446999502182007, validate accuracy: 0.58375, ensemble accuracy: 0.625, F1: 0.5714285714285714.
Epoch 16
Train loss: 0.6814569234848022, train accuracy: 0.5859375
Validating:
Validate loss: 0.6453059411048889, validate accuracy: 0.57875, ensemble accuracy: 0.625, F1: 0.5714285714285714.
Epoch 17
Train loss: 0.6517120599746704, train accuracy: 0.5859375
Validating:
Validate loss: 0.6461668133735656, validate accuracy: 0.57625, ensemble accuracy: 0.625, F1: 0.5714285714285714.
Epoch 18
Train loss: 0.6439155340194702, train accuracy: 0.6484375
Validating:
Validate loss: 0.6454575037956238, validate accuracy: 0.575, ensemble accuracy: 0.625, F1: 0.5714285714285714.
Epoch 19
Train loss: 0.648970365524292, train accuracy: 0.6484375
Validating:
Validate loss: 0.646473479270935, validate accuracy: 0.57375, ensemble accuracy: 0.625, F1: 0.5714285714285714.
Epoch 20
Train loss: 0.666325569152832, train accuracy: 0.625
Validating:
Validate loss: 0.6449739837646484, validate accuracy: 0.57375, ensemble accuracy: 0.625, F1: 0.5714285714285714.
Training Finished.
############ Fold 10 Network accuracy: 0.625
[0.8   0.8   0.6   0.4   0.6   0.4   0.4   0.8   0.4   0.625]
Average accuracy: 0.5825000000000001
Full record:
[{'accuracy': 0.8, 'precision': 1.0, 'recall': 0.5, 'f1': 0.6666666666666666}, {'accuracy': 0.8, 'precision': 1.0, 'recall': 0.6666666666666666, 'f1': 0.8}, {'accuracy': 0.6, 'precision': 1.0, 'recall': 0.3333333333333333, 'f1': 0.5}, {'accuracy': 0.4, 'precision': 0.0, 'recall': 0.0, 'f1': 0.0}, {'accuracy': 0.6, 'precision': 1.0, 'recall': 0.3333333333333333, 'f1': 0.5}, {'accuracy': 0.4, 'precision': 0.3333333333333333, 'recall': 0.5, 'f1': 0.4}, {'accuracy': 0.4, 'precision': 0.0, 'recall': 0.0, 'f1': 0.0}, {'accuracy': 0.8, 'precision': 1.0, 'recall': 0.6666666666666666, 'f1': 0.8}, {'accuracy': 0.4, 'precision': 0.6666666666666666, 'recall': 0.5, 'f1': 0.5714285714285714}, {'accuracy': 0.625, 'precision': 0.5, 'recall': 0.6666666666666666, 'f1': 0.5714285714285714}]
Confusion Matrices:
[array([[3, 0],
       [1, 1]]), array([[2, 0],
       [1, 2]]), array([[2, 0],
       [2, 1]]), array([[2, 2],
       [1, 0]]), array([[2, 0],
       [2, 1]]), array([[1, 2],
       [1, 1]]), array([[2, 3],
       [0, 0]]), array([[2, 0],
       [1, 2]]), array([[0, 1],
       [2, 2]]), array([[3, 2],
       [1, 2]])]
!!!!!!!!!! CDFES on GRU !!!!!!!!!!
unit_coef:
[[6.02719598 5.27755333 5.96621021]
 [8.80932232 8.37932332 8.47997543]
 [1.69403763 1.27880164 1.54670162]
 [0.80054468 0.52798252 0.67370461]]
###################### Fold 1 ######################
Use CUDA
log location: logs
Optimizer configuration:
AdamW (
Parameter Group 0
    amsgrad: False
    betas: (0.9, 0.999)
    capturable: False
    differentiable: False
    eps: 1e-08
    foreach: None
    fused: None
    lr: 0.0001
    maximize: False
    weight_decay: 0.0001
)
Trainer Initialization Finished.
Epoch 1
Train loss: 0.695512592792511, train accuracy: 0.6015625
Validating:
Validate loss: 0.6820022463798523, validate accuracy: 0.616, ensemble accuracy: 0.6, F1: 0.0.
Epoch 2
Train loss: 0.6787220239639282, train accuracy: 0.6015625
Validating:
Validate loss: 0.6477418541908264, validate accuracy: 0.666, ensemble accuracy: 0.6, F1: 0.0.
Epoch 3
Train loss: 0.6860915422439575, train accuracy: 0.546875
Validating:
Validate loss: 0.6342507600784302, validate accuracy: 0.68, ensemble accuracy: 0.8, F1: 0.6666666666666666.
Epoch 4
Train loss: 0.6407907605171204, train accuracy: 0.6328125
Validating:
Validate loss: 0.632279098033905, validate accuracy: 0.674, ensemble accuracy: 0.8, F1: 0.6666666666666666.
Epoch 5
Train loss: 0.6758111119270325, train accuracy: 0.5625
Validating:
Validate loss: 0.631184995174408, validate accuracy: 0.678, ensemble accuracy: 0.8, F1: 0.6666666666666666.
Epoch 6
Train loss: 0.6654087901115417, train accuracy: 0.578125
Validating:
Validate loss: 0.6296534538269043, validate accuracy: 0.68, ensemble accuracy: 0.8, F1: 0.6666666666666666.
Epoch 7
Train loss: 0.6650137901306152, train accuracy: 0.640625
Validating:
Validate loss: 0.6295578479766846, validate accuracy: 0.68, ensemble accuracy: 0.8, F1: 0.6666666666666666.
Epoch 8
Train loss: 0.6284369230270386, train accuracy: 0.625
Validating:
Validate loss: 0.6295111179351807, validate accuracy: 0.682, ensemble accuracy: 0.8, F1: 0.6666666666666666.
Epoch 9
Train loss: 0.6171643137931824, train accuracy: 0.6640625
Validating:
Validate loss: 0.6269057989120483, validate accuracy: 0.696, ensemble accuracy: 0.8, F1: 0.6666666666666666.
Epoch 10
Train loss: 0.6719556450843811, train accuracy: 0.578125
Validating:
Validate loss: 0.6261537075042725, validate accuracy: 0.698, ensemble accuracy: 0.8, F1: 0.6666666666666666.
Epoch 11
Train loss: 0.6405664682388306, train accuracy: 0.6640625
Validating:
Validate loss: 0.6282379627227783, validate accuracy: 0.696, ensemble accuracy: 0.8, F1: 0.6666666666666666.
Epoch 12
Train loss: 0.6275044083595276, train accuracy: 0.609375
Validating:
Validate loss: 0.6266294121742249, validate accuracy: 0.698, ensemble accuracy: 0.8, F1: 0.6666666666666666.
Epoch 13
Train loss: 0.622955858707428, train accuracy: 0.6640625
Validating:
Validate loss: 0.6264057159423828, validate accuracy: 0.696, ensemble accuracy: 0.8, F1: 0.6666666666666666.
Epoch 14
Train loss: 0.6201415657997131, train accuracy: 0.6796875
Validating:
Validate loss: 0.6288331747055054, validate accuracy: 0.698, ensemble accuracy: 0.8, F1: 0.6666666666666666.
Epoch 15
Train loss: 0.657588005065918, train accuracy: 0.578125
Validating:
Validate loss: 0.6286658644676208, validate accuracy: 0.696, ensemble accuracy: 0.8, F1: 0.6666666666666666.
Epoch 16
Train loss: 0.6185726523399353, train accuracy: 0.65625
Validating:
Validate loss: 0.6264122724533081, validate accuracy: 0.706, ensemble accuracy: 0.8, F1: 0.6666666666666666.
Epoch 17
Train loss: 0.6549144387245178, train accuracy: 0.59375
Validating:
Validate loss: 0.6267790794372559, validate accuracy: 0.706, ensemble accuracy: 0.8, F1: 0.6666666666666666.
Epoch 18
Train loss: 0.6397499442100525, train accuracy: 0.6015625
Validating:
Validate loss: 0.6286940574645996, validate accuracy: 0.71, ensemble accuracy: 0.8, F1: 0.6666666666666666.
Epoch 19
Train loss: 0.6360959410667419, train accuracy: 0.6171875
Validating:
Validate loss: 0.6288241744041443, validate accuracy: 0.7, ensemble accuracy: 0.8, F1: 0.6666666666666666.
Epoch 20
Train loss: 0.6302746534347534, train accuracy: 0.640625
Validating:
Validate loss: 0.6294986605644226, validate accuracy: 0.698, ensemble accuracy: 0.8, F1: 0.6666666666666666.
Training Finished.
############ Fold 1 Network accuracy: 0.8
unit_coef:
[[5.96467316 5.33857796 5.99108339]
 [8.60332919 8.19017956 8.28858975]
 [1.66812986 1.29344171 1.53535304]
 [0.78450809 0.53257974 0.66776898]]
###################### Fold 2 ######################
Use CUDA
log location: logs
Optimizer configuration:
AdamW (
Parameter Group 0
    amsgrad: False
    betas: (0.9, 0.999)
    capturable: False
    differentiable: False
    eps: 1e-08
    foreach: None
    fused: None
    lr: 0.0001
    maximize: False
    weight_decay: 0.0001
)
Trainer Initialization Finished.
Epoch 1
Train loss: 0.7185279726982117, train accuracy: 0.5
Validating:
Validate loss: 0.6758158802986145, validate accuracy: 0.536, ensemble accuracy: 0.6, F1: 0.6666666666666666.
Epoch 2
Train loss: 0.6472059488296509, train accuracy: 0.6171875
Validating:
Validate loss: 0.657309353351593, validate accuracy: 0.578, ensemble accuracy: 0.6, F1: 0.6666666666666666.
Epoch 3
Train loss: 0.6767885088920593, train accuracy: 0.578125
Validating:
Validate loss: 0.6461583971977234, validate accuracy: 0.61, ensemble accuracy: 0.8, F1: 0.8.
Epoch 4
Train loss: 0.6525857448577881, train accuracy: 0.6171875
Validating:
Validate loss: 0.6389054656028748, validate accuracy: 0.65, ensemble accuracy: 0.8, F1: 0.8.
Epoch 5
Train loss: 0.6105720400810242, train accuracy: 0.65625
Validating:
Validate loss: 0.6403952836990356, validate accuracy: 0.646, ensemble accuracy: 0.8, F1: 0.8.
Epoch 6
Train loss: 0.6771119832992554, train accuracy: 0.5
Validating:
Validate loss: 0.6418859958648682, validate accuracy: 0.642, ensemble accuracy: 0.8, F1: 0.8.
Epoch 7
Train loss: 0.6374397873878479, train accuracy: 0.5859375
Validating:
Validate loss: 0.6482216715812683, validate accuracy: 0.628, ensemble accuracy: 0.8, F1: 0.8.
Epoch 8
Train loss: 0.6380147337913513, train accuracy: 0.6171875
Validating:
Validate loss: 0.6449136734008789, validate accuracy: 0.642, ensemble accuracy: 0.8, F1: 0.8.
Epoch 9
Train loss: 0.6824732422828674, train accuracy: 0.5546875
Validating:
Validate loss: 0.6527990698814392, validate accuracy: 0.624, ensemble accuracy: 0.8, F1: 0.8.
Epoch 10
Train loss: 0.6494718194007874, train accuracy: 0.6328125
Validating:
Validate loss: 0.6438238620758057, validate accuracy: 0.64, ensemble accuracy: 0.8, F1: 0.8.
Epoch 11
Train loss: 0.6523091793060303, train accuracy: 0.5859375
Validating:
Validate loss: 0.6467164754867554, validate accuracy: 0.634, ensemble accuracy: 0.8, F1: 0.8.
Epoch 12
Train loss: 0.668228030204773, train accuracy: 0.5546875
Validating:
Validate loss: 0.6484670639038086, validate accuracy: 0.638, ensemble accuracy: 0.8, F1: 0.8.
Epoch 13
Train loss: 0.6542911529541016, train accuracy: 0.6015625
Validating:
Validate loss: 0.6486343741416931, validate accuracy: 0.642, ensemble accuracy: 0.8, F1: 0.8.
Epoch 14
Train loss: 0.6567122936248779, train accuracy: 0.59375
Validating:
Validate loss: 0.6466817855834961, validate accuracy: 0.648, ensemble accuracy: 0.8, F1: 0.8.
Epoch 15
Train loss: 0.6424484252929688, train accuracy: 0.609375
Validating:
Validate loss: 0.6431329846382141, validate accuracy: 0.646, ensemble accuracy: 0.8, F1: 0.8.
Epoch 16
Train loss: 0.6350836157798767, train accuracy: 0.625
Validating:
Validate loss: 0.6438757181167603, validate accuracy: 0.65, ensemble accuracy: 0.8, F1: 0.8.
Epoch 17
Train loss: 0.6941714882850647, train accuracy: 0.546875
Validating:
Validate loss: 0.6457165479660034, validate accuracy: 0.642, ensemble accuracy: 0.8, F1: 0.8.
Epoch 18
Train loss: 0.6343070864677429, train accuracy: 0.640625
Validating:
Validate loss: 0.6539772748947144, validate accuracy: 0.642, ensemble accuracy: 0.8, F1: 0.8.
Epoch 19
Train loss: 0.6421900987625122, train accuracy: 0.6640625
Validating:
Validate loss: 0.6449451446533203, validate accuracy: 0.642, ensemble accuracy: 0.8, F1: 0.8.
Epoch 20
Train loss: 0.6678401231765747, train accuracy: 0.5859375
Validating:
Validate loss: 0.6467264890670776, validate accuracy: 0.64, ensemble accuracy: 0.8, F1: 0.8.
Training Finished.
############ Fold 2 Network accuracy: 0.8
unit_coef:
[[5.80811314 5.16477119 5.85797302]
 [8.26504439 7.88276254 8.00519756]
 [1.61422649 1.24066204 1.47360119]
 [0.75475768 0.5128821  0.64227091]]
###################### Fold 3 ######################
Use CUDA
log location: logs
Optimizer configuration:
AdamW (
Parameter Group 0
    amsgrad: False
    betas: (0.9, 0.999)
    capturable: False
    differentiable: False
    eps: 1e-08
    foreach: None
    fused: None
    lr: 0.0001
    maximize: False
    weight_decay: 0.0001
)
Trainer Initialization Finished.
Epoch 1
Train loss: 0.7477099299430847, train accuracy: 0.40625
Validating:
Validate loss: 0.7001944780349731, validate accuracy: 0.504, ensemble accuracy: 0.6, F1: 0.75.
Epoch 2
Train loss: 0.7070571780204773, train accuracy: 0.4296875
Validating:
Validate loss: 0.6604000926017761, validate accuracy: 0.604, ensemble accuracy: 0.6, F1: 0.6666666666666666.
Epoch 3
Train loss: 0.691565752029419, train accuracy: 0.5390625
Validating:
Validate loss: 0.6564046144485474, validate accuracy: 0.614, ensemble accuracy: 0.6, F1: 0.5.
Epoch 4
Train loss: 0.6780457496643066, train accuracy: 0.6015625
Validating:
Validate loss: 0.6574876308441162, validate accuracy: 0.598, ensemble accuracy: 0.6, F1: 0.5.
Epoch 5
Train loss: 0.6570592522621155, train accuracy: 0.6015625
Validating:
Validate loss: 0.6670585870742798, validate accuracy: 0.58, ensemble accuracy: 0.6, F1: 0.5.
Epoch 6
Train loss: 0.6259118318557739, train accuracy: 0.625
Validating:
Validate loss: 0.6665825247764587, validate accuracy: 0.586, ensemble accuracy: 0.6, F1: 0.5.
Epoch 7
Train loss: 0.6737525463104248, train accuracy: 0.5703125
Validating:
Validate loss: 0.67055344581604, validate accuracy: 0.578, ensemble accuracy: 0.6, F1: 0.5.
Epoch 8
Train loss: 0.6349287033081055, train accuracy: 0.671875
Validating:
Validate loss: 0.672621488571167, validate accuracy: 0.588, ensemble accuracy: 0.6, F1: 0.5.
Epoch 9
Train loss: 0.6786069273948669, train accuracy: 0.5703125
Validating:
Validate loss: 0.6707602739334106, validate accuracy: 0.59, ensemble accuracy: 0.6, F1: 0.5.
Epoch 10
Train loss: 0.640315055847168, train accuracy: 0.5859375
Validating:
Validate loss: 0.6789843440055847, validate accuracy: 0.578, ensemble accuracy: 0.6, F1: 0.5.
Epoch 11
Train loss: 0.675577700138092, train accuracy: 0.5625
Validating:
Validate loss: 0.6747176051139832, validate accuracy: 0.594, ensemble accuracy: 0.6, F1: 0.5.
Epoch 12
Train loss: 0.6822389960289001, train accuracy: 0.53125
Validating:
Validate loss: 0.6714922189712524, validate accuracy: 0.592, ensemble accuracy: 0.6, F1: 0.5.
Epoch 13
Train loss: 0.6525691747665405, train accuracy: 0.5703125
Validating:
Validate loss: 0.6769566535949707, validate accuracy: 0.594, ensemble accuracy: 0.6, F1: 0.5.
Epoch 14
Train loss: 0.6239933967590332, train accuracy: 0.640625
Validating:
Validate loss: 0.6744926571846008, validate accuracy: 0.59, ensemble accuracy: 0.6, F1: 0.5.
Epoch 15
Train loss: 0.6618853807449341, train accuracy: 0.59375
Validating:
Validate loss: 0.6778861284255981, validate accuracy: 0.596, ensemble accuracy: 0.6, F1: 0.5.
Epoch 16
Train loss: 0.6611796021461487, train accuracy: 0.5703125
Validating:
Validate loss: 0.6766877770423889, validate accuracy: 0.596, ensemble accuracy: 0.6, F1: 0.5.
Epoch 17
Train loss: 0.6732710599899292, train accuracy: 0.546875
Validating:
Validate loss: 0.6776306629180908, validate accuracy: 0.592, ensemble accuracy: 0.6, F1: 0.5.
Epoch 18
Train loss: 0.6685587167739868, train accuracy: 0.5625
Validating:
Validate loss: 0.6750354766845703, validate accuracy: 0.598, ensemble accuracy: 0.6, F1: 0.5.
Epoch 19
Train loss: 0.6647267937660217, train accuracy: 0.59375
Validating:
Validate loss: 0.6791701316833496, validate accuracy: 0.6, ensemble accuracy: 0.6, F1: 0.5.
Epoch 20
Train loss: 0.6680245399475098, train accuracy: 0.578125
Validating:
Validate loss: 0.6766838431358337, validate accuracy: 0.6, ensemble accuracy: 0.6, F1: 0.5.
Training Finished.
############ Fold 3 Network accuracy: 0.6
unit_coef:
[[5.80374294 5.12744461 5.69888595]
 [8.50347764 8.16337448 8.25470852]
 [1.62107315 1.25560572 1.47448868]
 [0.74358108 0.50375745 0.62415951]]
###################### Fold 4 ######################
Use CUDA
log location: logs
Optimizer configuration:
AdamW (
Parameter Group 0
    amsgrad: False
    betas: (0.9, 0.999)
    capturable: False
    differentiable: False
    eps: 1e-08
    foreach: None
    fused: None
    lr: 0.0001
    maximize: False
    weight_decay: 0.0001
)
Trainer Initialization Finished.
Epoch 1
Train loss: 0.6515756249427795, train accuracy: 0.59375
Validating:
Validate loss: 0.7617741823196411, validate accuracy: 0.456, ensemble accuracy: 0.6, F1: 0.5.
Epoch 2
Train loss: 0.6487854719161987, train accuracy: 0.6328125
Validating:
Validate loss: 0.7892586588859558, validate accuracy: 0.422, ensemble accuracy: 0.4, F1: 0.0.
Epoch 3
Train loss: 0.6658540964126587, train accuracy: 0.5703125
Validating:
Validate loss: 0.8039702773094177, validate accuracy: 0.402, ensemble accuracy: 0.4, F1: 0.0.
Epoch 4
Train loss: 0.6847349405288696, train accuracy: 0.5546875
Validating:
Validate loss: 0.8135838508605957, validate accuracy: 0.392, ensemble accuracy: 0.4, F1: 0.0.
Epoch 5
Train loss: 0.641095757484436, train accuracy: 0.59375
Validating:
Validate loss: 0.8089389204978943, validate accuracy: 0.392, ensemble accuracy: 0.4, F1: 0.0.
Epoch 6
Train loss: 0.6366617679595947, train accuracy: 0.6328125
Validating:
Validate loss: 0.8182910084724426, validate accuracy: 0.392, ensemble accuracy: 0.4, F1: 0.0.
Epoch 7
Train loss: 0.6561541557312012, train accuracy: 0.625
Validating:
Validate loss: 0.8147500157356262, validate accuracy: 0.398, ensemble accuracy: 0.4, F1: 0.0.
Epoch 8
Train loss: 0.6506690979003906, train accuracy: 0.625
Validating:
Validate loss: 0.8076182007789612, validate accuracy: 0.396, ensemble accuracy: 0.4, F1: 0.0.
Epoch 9
Train loss: 0.6327455639839172, train accuracy: 0.640625
Validating:
Validate loss: 0.7965238690376282, validate accuracy: 0.41, ensemble accuracy: 0.4, F1: 0.0.
Epoch 10
Train loss: 0.6211652755737305, train accuracy: 0.6796875
Validating:
Validate loss: 0.8054486513137817, validate accuracy: 0.398, ensemble accuracy: 0.4, F1: 0.0.
Epoch 11
Train loss: 0.6688958406448364, train accuracy: 0.578125
Validating:
Validate loss: 0.8042500019073486, validate accuracy: 0.404, ensemble accuracy: 0.4, F1: 0.0.
Epoch 12
Train loss: 0.6491273045539856, train accuracy: 0.625
Validating:
Validate loss: 0.7963659167289734, validate accuracy: 0.406, ensemble accuracy: 0.4, F1: 0.0.
Epoch 13
Train loss: 0.643936276435852, train accuracy: 0.6015625
Validating:
Validate loss: 0.797606348991394, validate accuracy: 0.41, ensemble accuracy: 0.4, F1: 0.0.
Epoch 14
Train loss: 0.6300322413444519, train accuracy: 0.6328125
Validating:
Validate loss: 0.7970647215843201, validate accuracy: 0.418, ensemble accuracy: 0.4, F1: 0.0.
Epoch 15
Train loss: 0.6565430164337158, train accuracy: 0.59375
Validating:
Validate loss: 0.8032565712928772, validate accuracy: 0.398, ensemble accuracy: 0.4, F1: 0.0.
Epoch 16
Train loss: 0.6661414504051208, train accuracy: 0.5703125
Validating:
Validate loss: 0.8020727634429932, validate accuracy: 0.404, ensemble accuracy: 0.4, F1: 0.0.
Epoch 17
Train loss: 0.6730196475982666, train accuracy: 0.546875
Validating:
Validate loss: 0.7926903367042542, validate accuracy: 0.424, ensemble accuracy: 0.4, F1: 0.0.
Epoch 18
Train loss: 0.6675552129745483, train accuracy: 0.5859375
Validating:
Validate loss: 0.7849031686782837, validate accuracy: 0.422, ensemble accuracy: 0.4, F1: 0.0.
Epoch 19
Train loss: 0.6358942985534668, train accuracy: 0.6484375
Validating:
Validate loss: 0.788969874382019, validate accuracy: 0.41, ensemble accuracy: 0.4, F1: 0.0.
Epoch 20
Train loss: 0.641524076461792, train accuracy: 0.5546875
Validating:
Validate loss: 0.7915156483650208, validate accuracy: 0.418, ensemble accuracy: 0.4, F1: 0.0.
Training Finished.
############ Fold 4 Network accuracy: 0.4
unit_coef:
[[6.02478493 5.37210591 6.0089252 ]
 [8.54776344 8.17395368 8.25310455]
 [1.66311657 1.29044804 1.51514703]
 [0.78629132 0.54124084 0.66924752]]
###################### Fold 5 ######################
Use CUDA
log location: logs
Optimizer configuration:
AdamW (
Parameter Group 0
    amsgrad: False
    betas: (0.9, 0.999)
    capturable: False
    differentiable: False
    eps: 1e-08
    foreach: None
    fused: None
    lr: 0.0001
    maximize: False
    weight_decay: 0.0001
)
Trainer Initialization Finished.
Epoch 1
Train loss: 0.7077380418777466, train accuracy: 0.5546875
Validating:
Validate loss: 0.7037153840065002, validate accuracy: 0.542, ensemble accuracy: 0.8, F1: 0.8.
Epoch 2
Train loss: 0.6494643092155457, train accuracy: 0.625
Validating:
Validate loss: 0.6591441035270691, validate accuracy: 0.646, ensemble accuracy: 0.8, F1: 0.8.
Epoch 3
Train loss: 0.686886727809906, train accuracy: 0.5390625
Validating:
Validate loss: 0.6509422063827515, validate accuracy: 0.65, ensemble accuracy: 0.8, F1: 0.8.
Epoch 4
Train loss: 0.6875720620155334, train accuracy: 0.5546875
Validating:
Validate loss: 0.651524543762207, validate accuracy: 0.638, ensemble accuracy: 0.6, F1: 0.5.
Epoch 5
Train loss: 0.6339353919029236, train accuracy: 0.6640625
Validating:
Validate loss: 0.6488775610923767, validate accuracy: 0.644, ensemble accuracy: 0.6, F1: 0.5.
Epoch 6
Train loss: 0.6300442218780518, train accuracy: 0.6484375
Validating:
Validate loss: 0.6527910828590393, validate accuracy: 0.638, ensemble accuracy: 0.6, F1: 0.5.
Epoch 7
Train loss: 0.6470757722854614, train accuracy: 0.65625
Validating:
Validate loss: 0.6593020558357239, validate accuracy: 0.62, ensemble accuracy: 0.6, F1: 0.5.
Epoch 8
Train loss: 0.7013875842094421, train accuracy: 0.5703125
Validating:
Validate loss: 0.6587392687797546, validate accuracy: 0.628, ensemble accuracy: 0.6, F1: 0.5.
Epoch 9
Train loss: 0.650291919708252, train accuracy: 0.609375
Validating:
Validate loss: 0.6554991602897644, validate accuracy: 0.632, ensemble accuracy: 0.6, F1: 0.5.
Epoch 10
Train loss: 0.6402065753936768, train accuracy: 0.671875
Validating:
Validate loss: 0.6616985201835632, validate accuracy: 0.626, ensemble accuracy: 0.6, F1: 0.5.
Epoch 11
Train loss: 0.6735817193984985, train accuracy: 0.5625
Validating:
Validate loss: 0.662476122379303, validate accuracy: 0.624, ensemble accuracy: 0.6, F1: 0.5.
Epoch 12
Train loss: 0.6683321595191956, train accuracy: 0.5625
Validating:
Validate loss: 0.6641863584518433, validate accuracy: 0.622, ensemble accuracy: 0.6, F1: 0.5.
Epoch 13
Train loss: 0.6543064117431641, train accuracy: 0.5859375
Validating:
Validate loss: 0.6644608974456787, validate accuracy: 0.614, ensemble accuracy: 0.6, F1: 0.5.
Epoch 14
Train loss: 0.6398845911026001, train accuracy: 0.625
Validating:
Validate loss: 0.6655881404876709, validate accuracy: 0.612, ensemble accuracy: 0.6, F1: 0.5.
Epoch 15
Train loss: 0.6854706406593323, train accuracy: 0.59375
Validating:
Validate loss: 0.6650418639183044, validate accuracy: 0.62, ensemble accuracy: 0.6, F1: 0.5.
Epoch 16
Train loss: 0.6598297953605652, train accuracy: 0.59375
Validating:
Validate loss: 0.6721253991127014, validate accuracy: 0.614, ensemble accuracy: 0.6, F1: 0.5.
Epoch 17
Train loss: 0.6369602084159851, train accuracy: 0.6484375
Validating:
Validate loss: 0.6682819724082947, validate accuracy: 0.6, ensemble accuracy: 0.6, F1: 0.5.
Epoch 18
Train loss: 0.6344151496887207, train accuracy: 0.640625
Validating:
Validate loss: 0.6753561496734619, validate accuracy: 0.59, ensemble accuracy: 0.6, F1: 0.5.
Epoch 19
Train loss: 0.6402768492698669, train accuracy: 0.65625
Validating:
Validate loss: 0.6714774370193481, validate accuracy: 0.602, ensemble accuracy: 0.6, F1: 0.5.
Epoch 20
Train loss: 0.6733290553092957, train accuracy: 0.5546875
Validating:
Validate loss: 0.6743006110191345, validate accuracy: 0.6, ensemble accuracy: 0.6, F1: 0.5.
Training Finished.
############ Fold 5 Network accuracy: 0.6
unit_coef:
[[5.84690495 5.21356412 5.85445704]
 [8.38621024 8.04495393 8.1195209 ]
 [1.58221511 1.24744742 1.49138887]
 [0.75288979 0.52504402 0.65541824]]
###################### Fold 6 ######################
Use CUDA
log location: logs
Optimizer configuration:
AdamW (
Parameter Group 0
    amsgrad: False
    betas: (0.9, 0.999)
    capturable: False
    differentiable: False
    eps: 1e-08
    foreach: None
    fused: None
    lr: 0.0001
    maximize: False
    weight_decay: 0.0001
)
Trainer Initialization Finished.
Epoch 1
Train loss: 0.6730549931526184, train accuracy: 0.5625
Validating:
Validate loss: 0.6964563727378845, validate accuracy: 0.55, ensemble accuracy: 0.6, F1: 0.6666666666666666.
Epoch 2
Train loss: 0.6576520204544067, train accuracy: 0.546875
Validating:
Validate loss: 0.7325944304466248, validate accuracy: 0.47, ensemble accuracy: 0.4, F1: 0.4.
Epoch 3
Train loss: 0.6463701128959656, train accuracy: 0.6015625
Validating:
Validate loss: 0.7454449534416199, validate accuracy: 0.45, ensemble accuracy: 0.4, F1: 0.4.
Epoch 4
Train loss: 0.6397850513458252, train accuracy: 0.609375
Validating:
Validate loss: 0.754865825176239, validate accuracy: 0.456, ensemble accuracy: 0.2, F1: 0.3333333333333333.
Epoch 5
Train loss: 0.6465780138969421, train accuracy: 0.6171875
Validating:
Validate loss: 0.75260990858078, validate accuracy: 0.458, ensemble accuracy: 0.2, F1: 0.3333333333333333.
Epoch 6
Train loss: 0.6353603601455688, train accuracy: 0.640625
Validating:
Validate loss: 0.755275547504425, validate accuracy: 0.458, ensemble accuracy: 0.2, F1: 0.3333333333333333.
Epoch 7
Train loss: 0.6419060826301575, train accuracy: 0.59375
Validating:
Validate loss: 0.7526006698608398, validate accuracy: 0.47, ensemble accuracy: 0.2, F1: 0.3333333333333333.
Epoch 8
Train loss: 0.6984307765960693, train accuracy: 0.578125
Validating:
Validate loss: 0.75771164894104, validate accuracy: 0.462, ensemble accuracy: 0.2, F1: 0.3333333333333333.
Epoch 9
Train loss: 0.6533655524253845, train accuracy: 0.625
Validating:
Validate loss: 0.7508772015571594, validate accuracy: 0.46, ensemble accuracy: 0.2, F1: 0.3333333333333333.
Epoch 10
Train loss: 0.6251705884933472, train accuracy: 0.671875
Validating:
Validate loss: 0.7543424963951111, validate accuracy: 0.468, ensemble accuracy: 0.2, F1: 0.3333333333333333.
Epoch 11
Train loss: 0.642093300819397, train accuracy: 0.625
Validating:
Validate loss: 0.7482869625091553, validate accuracy: 0.462, ensemble accuracy: 0.4, F1: 0.4.
Epoch 12
Train loss: 0.6655052900314331, train accuracy: 0.5859375
Validating:
Validate loss: 0.7522134780883789, validate accuracy: 0.47, ensemble accuracy: 0.4, F1: 0.4.
Epoch 13
Train loss: 0.6487098336219788, train accuracy: 0.5859375
Validating:
Validate loss: 0.7535097002983093, validate accuracy: 0.466, ensemble accuracy: 0.4, F1: 0.4.
Epoch 14
Train loss: 0.6574790477752686, train accuracy: 0.640625
Validating:
Validate loss: 0.7541850209236145, validate accuracy: 0.464, ensemble accuracy: 0.4, F1: 0.4.
Epoch 15
Train loss: 0.633178174495697, train accuracy: 0.640625
Validating:
Validate loss: 0.7531761527061462, validate accuracy: 0.468, ensemble accuracy: 0.4, F1: 0.4.
Epoch 16
Train loss: 0.6215876936912537, train accuracy: 0.6875
Validating:
Validate loss: 0.7462191581726074, validate accuracy: 0.47, ensemble accuracy: 0.4, F1: 0.4.
Epoch 17
Train loss: 0.6520594358444214, train accuracy: 0.59375
Validating:
Validate loss: 0.7538143992424011, validate accuracy: 0.47, ensemble accuracy: 0.4, F1: 0.4.
Epoch 18
Train loss: 0.6729177832603455, train accuracy: 0.6171875
Validating:
Validate loss: 0.7545936703681946, validate accuracy: 0.464, ensemble accuracy: 0.4, F1: 0.4.
Epoch 19
Train loss: 0.6275416016578674, train accuracy: 0.6484375
Validating:
Validate loss: 0.7573471069335938, validate accuracy: 0.466, ensemble accuracy: 0.4, F1: 0.4.
Epoch 20
Train loss: 0.6104618906974792, train accuracy: 0.7265625
Validating:
Validate loss: 0.7530950307846069, validate accuracy: 0.47, ensemble accuracy: 0.4, F1: 0.4.
Training Finished.
############ Fold 6 Network accuracy: 0.4
unit_coef:
[[5.71822766 5.05993199 5.63075152]
 [7.84610281 7.47208825 7.55844176]
 [1.57072576 1.20629491 1.41157214]
 [0.77296564 0.52468843 0.6347567 ]]
###################### Fold 7 ######################
Use CUDA
log location: logs
Optimizer configuration:
AdamW (
Parameter Group 0
    amsgrad: False
    betas: (0.9, 0.999)
    capturable: False
    differentiable: False
    eps: 1e-08
    foreach: None
    fused: None
    lr: 0.0001
    maximize: False
    weight_decay: 0.0001
)
Trainer Initialization Finished.
Epoch 1
Train loss: 0.6704598665237427, train accuracy: 0.59375
Validating:
Validate loss: 0.6415873169898987, validate accuracy: 0.678, ensemble accuracy: 0.8, F1: 0.0.
Epoch 2
Train loss: 0.6589106917381287, train accuracy: 0.6015625
Validating:
Validate loss: 0.7007211446762085, validate accuracy: 0.566, ensemble accuracy: 0.6, F1: 0.0.
Epoch 3
Train loss: 0.6239897012710571, train accuracy: 0.6484375
Validating:
Validate loss: 0.7549888491630554, validate accuracy: 0.496, ensemble accuracy: 0.6, F1: 0.0.
Epoch 4
Train loss: 0.6328005194664001, train accuracy: 0.6640625
Validating:
Validate loss: 0.7909815311431885, validate accuracy: 0.448, ensemble accuracy: 0.6, F1: 0.0.
Epoch 5
Train loss: 0.6513314247131348, train accuracy: 0.6171875
Validating:
Validate loss: 0.8002862334251404, validate accuracy: 0.432, ensemble accuracy: 0.6, F1: 0.0.
Epoch 6
Train loss: 0.6711915731430054, train accuracy: 0.59375
Validating:
Validate loss: 0.8051891922950745, validate accuracy: 0.426, ensemble accuracy: 0.4, F1: 0.0.
Epoch 7
Train loss: 0.6465908288955688, train accuracy: 0.640625
Validating:
Validate loss: 0.8159275650978088, validate accuracy: 0.416, ensemble accuracy: 0.4, F1: 0.0.
Epoch 8
Train loss: 0.6491291522979736, train accuracy: 0.5859375
Validating:
Validate loss: 0.8024195432662964, validate accuracy: 0.43, ensemble accuracy: 0.4, F1: 0.0.
Epoch 9
Train loss: 0.6409618854522705, train accuracy: 0.6328125
Validating:
Validate loss: 0.8130954504013062, validate accuracy: 0.428, ensemble accuracy: 0.4, F1: 0.0.
Epoch 10
Train loss: 0.6661499738693237, train accuracy: 0.609375
Validating:
Validate loss: 0.8093907833099365, validate accuracy: 0.424, ensemble accuracy: 0.4, F1: 0.0.
Epoch 11
Train loss: 0.6517625451087952, train accuracy: 0.6484375
Validating:
Validate loss: 0.8170332908630371, validate accuracy: 0.418, ensemble accuracy: 0.4, F1: 0.0.
Epoch 12
Train loss: 0.6409843564033508, train accuracy: 0.609375
Validating:
Validate loss: 0.816409707069397, validate accuracy: 0.404, ensemble accuracy: 0.4, F1: 0.0.
Epoch 13
Train loss: 0.6840673089027405, train accuracy: 0.59375
Validating:
Validate loss: 0.8014383912086487, validate accuracy: 0.422, ensemble accuracy: 0.4, F1: 0.0.
Epoch 14
Train loss: 0.6032393574714661, train accuracy: 0.6875
Validating:
Validate loss: 0.8074272871017456, validate accuracy: 0.42, ensemble accuracy: 0.4, F1: 0.0.
Epoch 15
Train loss: 0.65115886926651, train accuracy: 0.6015625
Validating:
Validate loss: 0.8226016759872437, validate accuracy: 0.412, ensemble accuracy: 0.4, F1: 0.0.
Epoch 16
Train loss: 0.6260901689529419, train accuracy: 0.6328125
Validating:
Validate loss: 0.8250377178192139, validate accuracy: 0.404, ensemble accuracy: 0.4, F1: 0.0.
Epoch 17
Train loss: 0.6355442404747009, train accuracy: 0.640625
Validating:
Validate loss: 0.8183172345161438, validate accuracy: 0.408, ensemble accuracy: 0.4, F1: 0.0.
Epoch 18
Train loss: 0.636163055896759, train accuracy: 0.6640625
Validating:
Validate loss: 0.8110892176628113, validate accuracy: 0.404, ensemble accuracy: 0.4, F1: 0.0.
Epoch 19
Train loss: 0.6646546125411987, train accuracy: 0.5703125
Validating:
Validate loss: 0.8270344138145447, validate accuracy: 0.404, ensemble accuracy: 0.4, F1: 0.0.
Epoch 20
Train loss: 0.6296142935752869, train accuracy: 0.6328125
Validating:
Validate loss: 0.813340961933136, validate accuracy: 0.406, ensemble accuracy: 0.4, F1: 0.0.
Training Finished.
############ Fold 7 Network accuracy: 0.4
unit_coef:
[[5.97207427 5.26452654 5.77527972]
 [7.92358569 7.46905031 7.51665431]
 [1.6026924  1.2320915  1.44778742]
 [0.7516118  0.50810365 0.62389012]]
###################### Fold 8 ######################
Use CUDA
log location: logs
Optimizer configuration:
AdamW (
Parameter Group 0
    amsgrad: False
    betas: (0.9, 0.999)
    capturable: False
    differentiable: False
    eps: 1e-08
    foreach: None
    fused: None
    lr: 0.0001
    maximize: False
    weight_decay: 0.0001
)
Trainer Initialization Finished.
Epoch 1
Train loss: 0.6986179351806641, train accuracy: 0.515625
Validating:
Validate loss: 0.7400518655776978, validate accuracy: 0.376, ensemble accuracy: 0.4, F1: 0.5714285714285714.
Epoch 2
Train loss: 0.6824763417243958, train accuracy: 0.5390625
Validating:
Validate loss: 0.6402373313903809, validate accuracy: 0.704, ensemble accuracy: 1.0, F1: 1.0.
Epoch 3
Train loss: 0.6717433333396912, train accuracy: 0.5390625
Validating:
Validate loss: 0.5941817760467529, validate accuracy: 0.806, ensemble accuracy: 1.0, F1: 1.0.
Epoch 4
Train loss: 0.6549135446548462, train accuracy: 0.6171875
Validating:
Validate loss: 0.5740227103233337, validate accuracy: 0.836, ensemble accuracy: 1.0, F1: 1.0.
Epoch 5
Train loss: 0.6457803845405579, train accuracy: 0.59375
Validating:
Validate loss: 0.5653032064437866, validate accuracy: 0.84, ensemble accuracy: 1.0, F1: 1.0.
Epoch 6
Train loss: 0.6392279267311096, train accuracy: 0.625
Validating:
Validate loss: 0.5711302757263184, validate accuracy: 0.828, ensemble accuracy: 1.0, F1: 1.0.
Epoch 7
Train loss: 0.6848996877670288, train accuracy: 0.5625
Validating:
Validate loss: 0.5710932016372681, validate accuracy: 0.828, ensemble accuracy: 1.0, F1: 1.0.
Epoch 8
Train loss: 0.6688019633293152, train accuracy: 0.5390625
Validating:
Validate loss: 0.5730392336845398, validate accuracy: 0.814, ensemble accuracy: 1.0, F1: 1.0.
Epoch 9
Train loss: 0.6636309623718262, train accuracy: 0.5625
Validating:
Validate loss: 0.5766911506652832, validate accuracy: 0.806, ensemble accuracy: 1.0, F1: 1.0.
Epoch 10
Train loss: 0.6664574146270752, train accuracy: 0.5546875
Validating:
Validate loss: 0.5783978700637817, validate accuracy: 0.802, ensemble accuracy: 1.0, F1: 1.0.
Epoch 11
Train loss: 0.6818456649780273, train accuracy: 0.5703125
Validating:
Validate loss: 0.5762749314308167, validate accuracy: 0.802, ensemble accuracy: 1.0, F1: 1.0.
Epoch 12
Train loss: 0.6625750660896301, train accuracy: 0.6015625
Validating:
Validate loss: 0.5828660130500793, validate accuracy: 0.788, ensemble accuracy: 1.0, F1: 1.0.
Epoch 13
Train loss: 0.6610886454582214, train accuracy: 0.59375
Validating:
Validate loss: 0.5818377733230591, validate accuracy: 0.786, ensemble accuracy: 1.0, F1: 1.0.
Epoch 14
Train loss: 0.6569697260856628, train accuracy: 0.6015625
Validating:
Validate loss: 0.5849704146385193, validate accuracy: 0.786, ensemble accuracy: 1.0, F1: 1.0.
Epoch 15
Train loss: 0.6699938774108887, train accuracy: 0.5546875
Validating:
Validate loss: 0.5915948152542114, validate accuracy: 0.772, ensemble accuracy: 1.0, F1: 1.0.
Epoch 16
Train loss: 0.6773656606674194, train accuracy: 0.5546875
Validating:
Validate loss: 0.5932267308235168, validate accuracy: 0.772, ensemble accuracy: 1.0, F1: 1.0.
Epoch 17
Train loss: 0.6591049432754517, train accuracy: 0.59375
Validating:
Validate loss: 0.5954786539077759, validate accuracy: 0.752, ensemble accuracy: 1.0, F1: 1.0.
Epoch 18
Train loss: 0.623383641242981, train accuracy: 0.6640625
Validating:
Validate loss: 0.6027513146400452, validate accuracy: 0.756, ensemble accuracy: 1.0, F1: 1.0.
Epoch 19
Train loss: 0.6774099469184875, train accuracy: 0.6328125
Validating:
Validate loss: 0.5988138318061829, validate accuracy: 0.758, ensemble accuracy: 1.0, F1: 1.0.
Epoch 20
Train loss: 0.6797379851341248, train accuracy: 0.484375
Validating:
Validate loss: 0.6036939024925232, validate accuracy: 0.752, ensemble accuracy: 1.0, F1: 1.0.
Training Finished.
############ Fold 8 Network accuracy: 1.0
unit_coef:
[[5.81306325 5.12194171 5.77355268]
 [8.05429094 7.68092337 7.83448104]
 [1.59847162 1.23753693 1.47070167]
 [0.77307552 0.52695821 0.65597674]]
###################### Fold 9 ######################
Use CUDA
log location: logs
Optimizer configuration:
AdamW (
Parameter Group 0
    amsgrad: False
    betas: (0.9, 0.999)
    capturable: False
    differentiable: False
    eps: 1e-08
    foreach: None
    fused: None
    lr: 0.0001
    maximize: False
    weight_decay: 0.0001
)
Trainer Initialization Finished.
Epoch 1
Train loss: 0.673189640045166, train accuracy: 0.6328125
Validating:
Validate loss: 0.7778202891349792, validate accuracy: 0.322, ensemble accuracy: 0.0, F1: 0.0.
Epoch 2
Train loss: 0.65953528881073, train accuracy: 0.640625
Validating:
Validate loss: 0.7947813868522644, validate accuracy: 0.338, ensemble accuracy: 0.2, F1: 0.3333333333333333.
Epoch 3
Train loss: 0.6303969025611877, train accuracy: 0.6796875
Validating:
Validate loss: 0.7931381464004517, validate accuracy: 0.362, ensemble accuracy: 0.2, F1: 0.3333333333333333.
Epoch 4
Train loss: 0.6466863751411438, train accuracy: 0.6796875
Validating:
Validate loss: 0.7932107448577881, validate accuracy: 0.374, ensemble accuracy: 0.2, F1: 0.3333333333333333.
Epoch 5
Train loss: 0.6037250757217407, train accuracy: 0.6953125
Validating:
Validate loss: 0.7914078235626221, validate accuracy: 0.378, ensemble accuracy: 0.2, F1: 0.3333333333333333.
Epoch 6
Train loss: 0.6636358499526978, train accuracy: 0.5859375
Validating:
Validate loss: 0.7836142182350159, validate accuracy: 0.392, ensemble accuracy: 0.2, F1: 0.3333333333333333.
Epoch 7
Train loss: 0.6255216002464294, train accuracy: 0.6796875
Validating:
Validate loss: 0.7894637584686279, validate accuracy: 0.386, ensemble accuracy: 0.2, F1: 0.3333333333333333.
Epoch 8
Train loss: 0.6495103240013123, train accuracy: 0.6640625
Validating:
Validate loss: 0.7862613201141357, validate accuracy: 0.386, ensemble accuracy: 0.2, F1: 0.3333333333333333.
Epoch 9
Train loss: 0.6462185382843018, train accuracy: 0.6328125
Validating:
Validate loss: 0.789223313331604, validate accuracy: 0.374, ensemble accuracy: 0.2, F1: 0.3333333333333333.
Epoch 10
Train loss: 0.6562370657920837, train accuracy: 0.6484375
Validating:
Validate loss: 0.7789596915245056, validate accuracy: 0.4, ensemble accuracy: 0.4, F1: 0.5714285714285714.
Epoch 11
Train loss: 0.6198449730873108, train accuracy: 0.6875
Validating:
Validate loss: 0.7848002314567566, validate accuracy: 0.376, ensemble accuracy: 0.2, F1: 0.3333333333333333.
Epoch 12
Train loss: 0.6528396606445312, train accuracy: 0.6796875
Validating:
Validate loss: 0.7889364361763, validate accuracy: 0.384, ensemble accuracy: 0.2, F1: 0.3333333333333333.
Epoch 13
Train loss: 0.6444050073623657, train accuracy: 0.6015625
Validating:
Validate loss: 0.7873957753181458, validate accuracy: 0.376, ensemble accuracy: 0.2, F1: 0.3333333333333333.
Epoch 14
Train loss: 0.6663414835929871, train accuracy: 0.59375
Validating:
Validate loss: 0.7792168259620667, validate accuracy: 0.38, ensemble accuracy: 0.4, F1: 0.5714285714285714.
Epoch 15
Train loss: 0.6655646562576294, train accuracy: 0.625
Validating:
Validate loss: 0.7853456735610962, validate accuracy: 0.38, ensemble accuracy: 0.2, F1: 0.3333333333333333.
Epoch 16
Train loss: 0.6437562108039856, train accuracy: 0.6640625
Validating:
Validate loss: 0.7817000150680542, validate accuracy: 0.39, ensemble accuracy: 0.2, F1: 0.3333333333333333.
Epoch 17
Train loss: 0.6588002443313599, train accuracy: 0.5625
Validating:
Validate loss: 0.7828426361083984, validate accuracy: 0.396, ensemble accuracy: 0.4, F1: 0.5714285714285714.
Epoch 18
Train loss: 0.6194944381713867, train accuracy: 0.65625
Validating:
Validate loss: 0.7771274447441101, validate accuracy: 0.406, ensemble accuracy: 0.4, F1: 0.5714285714285714.
Epoch 19
Train loss: 0.6034415364265442, train accuracy: 0.6640625
Validating:
Validate loss: 0.783233106136322, validate accuracy: 0.382, ensemble accuracy: 0.2, F1: 0.3333333333333333.
Epoch 20
Train loss: 0.6554465293884277, train accuracy: 0.5859375
Validating:
Validate loss: 0.7851263880729675, validate accuracy: 0.392, ensemble accuracy: 0.4, F1: 0.5714285714285714.
Training Finished.
############ Fold 9 Network accuracy: 0.4
unit_coef:
[[5.79836131 5.25618286 5.87886741]
 [8.32898497 7.97379858 8.0899408 ]
 [1.43125315 1.21869098 1.4787066 ]
 [0.62007999 0.49770404 0.63975696]]
###################### Fold 10 ######################
Use CUDA
log location: logs
Optimizer configuration:
AdamW (
Parameter Group 0
    amsgrad: False
    betas: (0.9, 0.999)
    capturable: False
    differentiable: False
    eps: 1e-08
    foreach: None
    fused: None
    lr: 0.0001
    maximize: False
    weight_decay: 0.0001
)
Trainer Initialization Finished.
Epoch 1
Train loss: 0.6524750590324402, train accuracy: 0.609375
Validating:
Validate loss: 0.6446729373931884, validate accuracy: 0.635, ensemble accuracy: 0.75, F1: 0.6666666666666666.
Epoch 2
Train loss: 0.6680279970169067, train accuracy: 0.578125
Validating:
Validate loss: 0.6417259573936462, validate accuracy: 0.63125, ensemble accuracy: 0.625, F1: 0.5714285714285714.
Epoch 3
Train loss: 0.6667508482933044, train accuracy: 0.5625
Validating:
Validate loss: 0.6417039799690246, validate accuracy: 0.61375, ensemble accuracy: 0.625, F1: 0.5714285714285714.
Epoch 4
Train loss: 0.6613573431968689, train accuracy: 0.6015625
Validating:
Validate loss: 0.638493824005127, validate accuracy: 0.62125, ensemble accuracy: 0.625, F1: 0.5714285714285714.
Epoch 5
Train loss: 0.6534520983695984, train accuracy: 0.6328125
Validating:
Validate loss: 0.6413590836524964, validate accuracy: 0.6125, ensemble accuracy: 0.625, F1: 0.5714285714285714.
Epoch 6
Train loss: 0.689582884311676, train accuracy: 0.5234375
Validating:
Validate loss: 0.641268846988678, validate accuracy: 0.60125, ensemble accuracy: 0.625, F1: 0.5714285714285714.
Epoch 7
Train loss: 0.6409249901771545, train accuracy: 0.6171875
Validating:
Validate loss: 0.6446257519721985, validate accuracy: 0.59875, ensemble accuracy: 0.625, F1: 0.5714285714285714.
Epoch 8
Train loss: 0.6653754711151123, train accuracy: 0.5703125
Validating:
Validate loss: 0.6411383271217346, validate accuracy: 0.60625, ensemble accuracy: 0.625, F1: 0.5714285714285714.
Epoch 9
Train loss: 0.6497774124145508, train accuracy: 0.6171875
Validating:
Validate loss: 0.6431572842597961, validate accuracy: 0.5925, ensemble accuracy: 0.625, F1: 0.5714285714285714.
Epoch 10
Train loss: 0.6733977794647217, train accuracy: 0.578125
Validating:
Validate loss: 0.6422357869148254, validate accuracy: 0.59875, ensemble accuracy: 0.625, F1: 0.5714285714285714.
Epoch 11
Train loss: 0.642400324344635, train accuracy: 0.6484375
Validating:
Validate loss: 0.6412899923324585, validate accuracy: 0.6, ensemble accuracy: 0.625, F1: 0.5714285714285714.
Epoch 12
Train loss: 0.6476407051086426, train accuracy: 0.6171875
Validating:
Validate loss: 0.644519236087799, validate accuracy: 0.5925, ensemble accuracy: 0.625, F1: 0.5714285714285714.
Epoch 13
Train loss: 0.6210291385650635, train accuracy: 0.671875
Validating:
Validate loss: 0.6433615970611573, validate accuracy: 0.59375, ensemble accuracy: 0.625, F1: 0.5714285714285714.
Epoch 14
Train loss: 0.649097204208374, train accuracy: 0.625
Validating:
Validate loss: 0.6417651224136353, validate accuracy: 0.5975, ensemble accuracy: 0.625, F1: 0.5714285714285714.
Epoch 15
Train loss: 0.6963566541671753, train accuracy: 0.5625
Validating:
Validate loss: 0.6442174625396728, validate accuracy: 0.595, ensemble accuracy: 0.625, F1: 0.5714285714285714.
Epoch 16
Train loss: 0.6835752129554749, train accuracy: 0.515625
Validating:
Validate loss: 0.6423075771331788, validate accuracy: 0.5925, ensemble accuracy: 0.625, F1: 0.5714285714285714.
Epoch 17
Train loss: 0.6390063762664795, train accuracy: 0.6328125
Validating:
Validate loss: 0.641889922618866, validate accuracy: 0.595, ensemble accuracy: 0.625, F1: 0.5714285714285714.
Epoch 18
Train loss: 0.6451601386070251, train accuracy: 0.6640625
Validating:
Validate loss: 0.6427755975723266, validate accuracy: 0.59125, ensemble accuracy: 0.625, F1: 0.5714285714285714.
Epoch 19
Train loss: 0.6399763226509094, train accuracy: 0.6328125
Validating:
Validate loss: 0.6471313834190369, validate accuracy: 0.57875, ensemble accuracy: 0.625, F1: 0.5714285714285714.
Epoch 20
Train loss: 0.6723031401634216, train accuracy: 0.578125
Validating:
Validate loss: 0.6401460313796997, validate accuracy: 0.5925, ensemble accuracy: 0.625, F1: 0.5714285714285714.
Training Finished.
############ Fold 10 Network accuracy: 0.625
[0.8   0.8   0.6   0.4   0.6   0.4   0.4   1.    0.4   0.625]
Average accuracy: 0.6025
Full record:
[{'accuracy': 0.8, 'precision': 1.0, 'recall': 0.5, 'f1': 0.6666666666666666}, {'accuracy': 0.8, 'precision': 1.0, 'recall': 0.6666666666666666, 'f1': 0.8}, {'accuracy': 0.6, 'precision': 1.0, 'recall': 0.3333333333333333, 'f1': 0.5}, {'accuracy': 0.4, 'precision': 0.0, 'recall': 0.0, 'f1': 0.0}, {'accuracy': 0.6, 'precision': 1.0, 'recall': 0.3333333333333333, 'f1': 0.5}, {'accuracy': 0.4, 'precision': 0.3333333333333333, 'recall': 0.5, 'f1': 0.4}, {'accuracy': 0.4, 'precision': 0.0, 'recall': 0.0, 'f1': 0.0}, {'accuracy': 1.0, 'precision': 1.0, 'recall': 1.0, 'f1': 1.0}, {'accuracy': 0.4, 'precision': 0.6666666666666666, 'recall': 0.5, 'f1': 0.5714285714285714}, {'accuracy': 0.625, 'precision': 0.5, 'recall': 0.6666666666666666, 'f1': 0.5714285714285714}]
Confusion Matrices:
[array([[3, 0],
       [1, 1]]), array([[2, 0],
       [1, 2]]), array([[2, 0],
       [2, 1]]), array([[2, 2],
       [1, 0]]), array([[2, 0],
       [2, 1]]), array([[1, 2],
       [1, 1]]), array([[2, 3],
       [0, 0]]), array([[2, 0],
       [0, 3]]), array([[0, 1],
       [2, 2]]), array([[3, 2],
       [1, 2]])]
